country,idD,time,userName,date,name
ja_JP,0,20,minorusuzuki,"2020-04-18 04:46:20","Burghap, Prison of the Jealous Hippies"
ja_JP,0,38,minorusuzuki,"2020-09-06 11:36:08","Burghap, Prison of the Jealous Hippies"
ja_JP,0,40,minorusuzuki,"2020-12-05 08:54:05","Burghap, Prison of the Jealous Hippies"
ja_JP,0,19,minorusuzuki,"2021-01-18 18:50:53","Burghap, Prison of the Jealous Hippies"
ja_JP,0,20,minorusuzuki,"2021-06-21 05:53:27","Burghap, Prison of the Jealous Hippies"
ja_JP,0,25,minorusuzuki,"2021-11-03 11:29:36","Burghap, Prison of the Jealous Hippies"
ja_JP,0,6,minorusuzuki,"2022-04-11 10:43:14","Burghap, Prison of the Jealous Hippies"
ja_JP,0,40,minorusuzuki,"2022-05-09 12:28:38","Burghap, Prison of the Jealous Hippies"
ja_JP,0,27,minorusuzuki,"2022-06-05 04:55:02","Burghap, Prison of the Jealous Hippies"
ja_JP,0,35,minorusuzuki,"2022-07-13 18:17:30","Burghap, Prison of the Jealous Hippies"
ja_JP,0,26,minorusuzuki,"2022-07-17 15:34:08","Burghap, Prison of the Jealous Hippies"
ja_JP,0,43,minorusuzuki,"2022-09-12 23:54:05","Burghap, Prison of the Jealous Hippies"
ja_JP,0,46,rikamurakami,"2021-01-22 23:40:44","Burghap, Prison of the Jealous Hippies"
ja_JP,0,29,rikamurakami,"2021-04-16 13:34:41","Burghap, Prison of the Jealous Hippies"
ja_JP,0,47,rikamurakami,"2021-12-10 09:51:10","Burghap, Prison of the Jealous Hippies"
ja_JP,0,40,rikamurakami,"2022-03-03 19:07:20","Burghap, Prison of the Jealous Hippies"
ja_JP,0,21,rikamurakami,"2022-08-14 22:37:30","Burghap, Prison of the Jealous Hippies"
ja_JP,0,42,rikamurakami,"2022-09-01 03:51:33","Burghap, Prison of the Jealous Hippies"
ja_JP,0,40,rikamurakami,"2022-10-12 00:37:08","Burghap, Prison of the Jealous Hippies"
en_US,0,40,robin84,"2013-10-08 07:44:20","Burghap, Prison of the Jealous Hippies"
en_US,0,26,robin84,"2015-11-28 01:24:46","Burghap, Prison of the Jealous Hippies"
en_US,0,48,robin84,"2016-12-29 20:39:30","Burghap, Prison of the Jealous Hippies"
en_US,0,46,robin84,"2018-03-11 03:53:04","Burghap, Prison of the Jealous Hippies"
en_US,0,30,robin84,"2019-12-19 02:00:41","Burghap, Prison of the Jealous Hippies"
en_US,0,47,robin84,"2020-03-19 17:33:26","Burghap, Prison of the Jealous Hippies"
en_US,0,32,robin84,"2020-10-15 17:54:40","Burghap, Prison of the Jealous Hippies"
en_US,0,29,robin84,"2021-11-04 05:27:12","Burghap, Prison of the Jealous Hippies"
en_US,0,37,robin84,"2022-07-16 08:47:06","Burghap, Prison of the Jealous Hippies"
en_US,0,3,leejessica,"2022-05-04 06:41:39","Burghap, Prison of the Jealous Hippies"
en_US,0,22,leejessica,"2022-05-31 07:42:24","Burghap, Prison of the Jealous Hippies"
en_US,0,39,leejessica,"2022-06-19 03:50:38","Burghap, Prison of the Jealous Hippies"
en_US,0,22,leejessica,"2022-06-20 21:48:32","Burghap, Prison of the Jealous Hippies"
en_US,0,40,leejessica,"2022-07-17 00:31:56","Burghap, Prison of the Jealous Hippies"
en_US,0,30,leejessica,"2022-08-01 16:33:38","Burghap, Prison of the Jealous Hippies"
en_US,0,34,leejessica,"2022-09-04 15:57:16","Burghap, Prison of the Jealous Hippies"
en_US,0,9,leejessica,"2022-10-18 00:45:21","Burghap, Prison of the Jealous Hippies"
en_US,0,31,leejessica,"2022-10-24 13:05:54","Burghap, Prison of the Jealous Hippies"
fr_FR,0,23,catherine30,"2022-07-21 07:49:09","Burghap, Prison of the Jealous Hippies"
fr_FR,0,39,catherine30,"2022-08-02 21:58:14","Burghap, Prison of the Jealous Hippies"
fr_FR,0,4,catherine30,"2022-09-30 08:26:27","Burghap, Prison of the Jealous Hippies"
fr_FR,0,47,catherine30,"2022-10-15 19:56:39","Burghap, Prison of the Jealous Hippies"
fr_FR,0,32,catherine30,"2022-10-16 12:40:07","Burghap, Prison of the Jealous Hippies"
fr_FR,0,32,catherine30,"2022-11-01 03:16:11","Burghap, Prison of the Jealous Hippies"
fr_FR,0,11,catherine30,"2022-12-12 06:03:32","Burghap, Prison of the Jealous Hippies"
fr_FR,0,42,catherine30,"2022-12-23 13:15:26","Burghap, Prison of the Jealous Hippies"
ko_KR,0,36,ljang,"2022-03-20 22:15:31","Burghap, Prison of the Jealous Hippies"
ko_KR,0,4,ljang,"2022-03-28 09:15:27","Burghap, Prison of the Jealous Hippies"
ko_KR,0,48,ljang,"2022-03-29 03:58:07","Burghap, Prison of the Jealous Hippies"
ko_KR,0,24,ljang,"2022-04-04 17:20:46","Burghap, Prison of the Jealous Hippies"
ko_KR,0,37,ljang,"2022-04-13 05:04:13","Burghap, Prison of the Jealous Hippies"
ko_KR,0,34,ljang,"2022-06-05 11:30:15","Burghap, Prison of the Jealous Hippies"
ko_KR,0,21,ljang,"2022-07-13 07:50:24","Burghap, Prison of the Jealous Hippies"
ko_KR,0,44,ljang,"2022-07-25 02:13:06","Burghap, Prison of the Jealous Hippies"
ko_KR,0,46,ljang,"2022-08-14 07:27:23","Burghap, Prison of the Jealous Hippies"
ko_KR,0,37,ljang,"2022-09-15 20:07:52","Burghap, Prison of the Jealous Hippies"
ko_KR,0,46,ljang,"2022-09-16 00:41:38","Burghap, Prison of the Jealous Hippies"
ko_KR,0,22,ljang,"2022-09-28 06:10:36","Burghap, Prison of the Jealous Hippies"
ko_KR,0,16,ljang,"2022-10-04 11:45:57","Burghap, Prison of the Jealous Hippies"
ko_KR,0,25,ljang,"2022-11-08 16:12:03","Burghap, Prison of the Jealous Hippies"
ko_KR,0,49,ljang,"2022-11-13 03:39:41","Burghap, Prison of the Jealous Hippies"
ko_KR,0,16,ljang,"2022-11-27 06:36:26","Burghap, Prison of the Jealous Hippies"
ko_KR,0,43,ljang,"2022-11-30 05:11:34","Burghap, Prison of the Jealous Hippies"
en_US,0,18,valdezmichael,"2022-11-27 02:45:37","Burghap, Prison of the Jealous Hippies"
en_US,0,47,valdezmichael,"2022-11-29 08:53:38","Burghap, Prison of the Jealous Hippies"
en_US,0,40,valdezmichael,"2022-11-30 21:43:17","Burghap, Prison of the Jealous Hippies"
en_US,0,43,valdezmichael,"2022-12-09 09:43:46","Burghap, Prison of the Jealous Hippies"
en_US,0,41,valdezmichael,"2022-12-11 04:36:12","Burghap, Prison of the Jealous Hippies"
en_US,0,23,valdezmichael,"2022-12-21 09:57:03","Burghap, Prison of the Jealous Hippies"
en_US,0,33,valdezmichael,"2022-12-24 11:03:38","Burghap, Prison of the Jealous Hippies"
en_US,0,47,valdezmichael,"2022-12-27 11:18:26","Burghap, Prison of the Jealous Hippies"
pt_BR,0,27,ana-julia81,"2019-10-31 08:06:18","Burghap, Prison of the Jealous Hippies"
pt_BR,0,24,ana-julia81,"2020-04-21 07:02:03","Burghap, Prison of the Jealous Hippies"
pt_BR,0,32,ana-julia81,"2020-06-09 18:54:11","Burghap, Prison of the Jealous Hippies"
pt_BR,0,21,ana-julia81,"2020-09-21 02:22:14","Burghap, Prison of the Jealous Hippies"
pt_BR,0,15,ana-julia81,"2021-01-28 16:10:25","Burghap, Prison of the Jealous Hippies"
pt_BR,0,40,ana-julia81,"2021-07-18 03:07:03","Burghap, Prison of the Jealous Hippies"
pt_BR,0,29,ana-julia81,"2022-02-20 07:01:24","Burghap, Prison of the Jealous Hippies"
pt_BR,0,33,ana-julia81,"2022-05-20 08:49:47","Burghap, Prison of the Jealous Hippies"
pt_BR,0,16,ana-julia81,"2022-06-15 02:46:43","Burghap, Prison of the Jealous Hippies"
pt_BR,0,45,ana-julia81,"2022-09-09 07:46:38","Burghap, Prison of the Jealous Hippies"
it_IT,0,35,rosariobataglia,"2022-05-12 20:43:33","Burghap, Prison of the Jealous Hippies"
it_IT,0,46,rosariobataglia,"2022-06-01 03:48:55","Burghap, Prison of the Jealous Hippies"
it_IT,0,32,rosariobataglia,"2022-06-20 11:04:45","Burghap, Prison of the Jealous Hippies"
it_IT,0,25,rosariobataglia,"2022-06-29 08:31:34","Burghap, Prison of the Jealous Hippies"
it_IT,0,48,rosariobataglia,"2022-07-28 13:15:24","Burghap, Prison of the Jealous Hippies"
it_IT,0,46,rosariobataglia,"2022-08-31 18:19:59","Burghap, Prison of the Jealous Hippies"
it_IT,0,46,rosariobataglia,"2022-09-12 22:02:44","Burghap, Prison of the Jealous Hippies"
it_IT,0,21,rosariobataglia,"2022-09-22 17:51:16","Burghap, Prison of the Jealous Hippies"
it_IT,0,24,rosariobataglia,"2022-11-07 08:23:43","Burghap, Prison of the Jealous Hippies"
it_IT,0,11,rosariobataglia,"2022-11-23 00:57:37","Burghap, Prison of the Jealous Hippies"
it_IT,0,24,poerioenrico,"2022-09-25 23:56:51","Burghap, Prison of the Jealous Hippies"
it_IT,0,25,poerioenrico,"2022-10-05 16:53:51","Burghap, Prison of the Jealous Hippies"
it_IT,0,40,poerioenrico,"2022-10-10 15:49:00","Burghap, Prison of the Jealous Hippies"
it_IT,0,33,poerioenrico,"2022-12-09 21:36:38","Burghap, Prison of the Jealous Hippies"
it_IT,0,29,poerioenrico,"2022-12-23 23:14:18","Burghap, Prison of the Jealous Hippies"
it_IT,0,24,poerioenrico,"2022-12-27 04:43:09","Burghap, Prison of the Jealous Hippies"
en_US,0,25,millermichael,"2021-08-04 00:06:19","Burghap, Prison of the Jealous Hippies"
en_US,0,12,millermichael,"2021-08-20 06:55:30","Burghap, Prison of the Jealous Hippies"
en_US,0,43,millermichael,"2021-09-12 07:57:51","Burghap, Prison of the Jealous Hippies"
en_US,0,15,millermichael,"2021-11-09 04:52:28","Burghap, Prison of the Jealous Hippies"
en_US,0,37,millermichael,"2022-01-28 13:54:26","Burghap, Prison of the Jealous Hippies"
en_US,0,23,millermichael,"2022-02-10 01:18:01","Burghap, Prison of the Jealous Hippies"
en_US,0,43,millermichael,"2022-02-20 09:18:45","Burghap, Prison of the Jealous Hippies"
en_US,0,9,millermichael,"2022-04-17 15:29:02","Burghap, Prison of the Jealous Hippies"
en_US,0,31,millermichael,"2022-05-12 06:46:05","Burghap, Prison of the Jealous Hippies"
en_US,0,26,millermichael,"2022-07-13 10:24:55","Burghap, Prison of the Jealous Hippies"
en_US,0,46,millermichael,"2022-10-01 14:49:23","Burghap, Prison of the Jealous Hippies"
en_US,0,26,millermichael,"2022-11-07 11:42:39","Burghap, Prison of the Jealous Hippies"
en_US,0,26,millermichael,"2022-11-07 23:02:58","Burghap, Prison of the Jealous Hippies"
ja_JP,0,37,junishikawa,"2020-12-20 14:10:57","Burghap, Prison of the Jealous Hippies"
ja_JP,0,48,junishikawa,"2021-03-08 07:58:11","Burghap, Prison of the Jealous Hippies"
ja_JP,0,37,junishikawa,"2021-03-12 10:00:00","Burghap, Prison of the Jealous Hippies"
ja_JP,0,34,junishikawa,"2021-07-26 02:49:47","Burghap, Prison of the Jealous Hippies"
ja_JP,0,21,junishikawa,"2021-09-27 13:23:18","Burghap, Prison of the Jealous Hippies"
ja_JP,0,19,junishikawa,"2021-10-14 08:39:59","Burghap, Prison of the Jealous Hippies"
ja_JP,0,8,junishikawa,"2021-10-28 19:34:00","Burghap, Prison of the Jealous Hippies"
ja_JP,0,40,junishikawa,"2022-01-21 17:41:16","Burghap, Prison of the Jealous Hippies"
ja_JP,0,31,junishikawa,"2022-03-30 12:13:19","Burghap, Prison of the Jealous Hippies"
ja_JP,0,23,junishikawa,"2022-06-01 00:36:02","Burghap, Prison of the Jealous Hippies"
ja_JP,0,18,junishikawa,"2022-12-20 04:45:53","Burghap, Prison of the Jealous Hippies"
ja_JP,0,40,kobayashimomoko,"2020-12-13 04:21:38","Burghap, Prison of the Jealous Hippies"
ja_JP,0,45,kobayashimomoko,"2021-05-04 18:54:50","Burghap, Prison of the Jealous Hippies"
ja_JP,0,34,kobayashimomoko,"2021-06-03 17:07:55","Burghap, Prison of the Jealous Hippies"
ja_JP,0,15,kobayashimomoko,"2021-07-21 03:54:48","Burghap, Prison of the Jealous Hippies"
ja_JP,0,22,kobayashimomoko,"2022-01-10 14:28:44","Burghap, Prison of the Jealous Hippies"
ja_JP,0,27,kobayashimomoko,"2022-02-18 11:35:56","Burghap, Prison of the Jealous Hippies"
ja_JP,0,45,kobayashimomoko,"2022-07-01 23:51:14","Burghap, Prison of the Jealous Hippies"
ja_JP,0,27,kobayashimomoko,"2022-08-19 11:15:19","Burghap, Prison of the Jealous Hippies"
ja_JP,0,46,kobayashimomoko,"2022-09-11 01:01:31","Burghap, Prison of the Jealous Hippies"
ja_JP,0,18,yamamotoyuki,"2014-02-11 17:40:45","Burghap, Prison of the Jealous Hippies"
ja_JP,0,48,yamamotoyuki,"2014-03-24 06:28:00","Burghap, Prison of the Jealous Hippies"
ja_JP,0,32,yamamotoyuki,"2014-08-23 02:02:03","Burghap, Prison of the Jealous Hippies"
ja_JP,0,26,yamamotoyuki,"2014-09-24 10:26:19","Burghap, Prison of the Jealous Hippies"
ja_JP,0,47,yamamotoyuki,"2016-10-07 17:23:46","Burghap, Prison of the Jealous Hippies"
ja_JP,0,43,yamamotoyuki,"2017-01-31 09:05:35","Burghap, Prison of the Jealous Hippies"
ja_JP,0,16,yamamotoyuki,"2018-10-08 18:50:13","Burghap, Prison of the Jealous Hippies"
ja_JP,0,22,yamamotoyuki,"2019-06-14 02:15:41","Burghap, Prison of the Jealous Hippies"
ja_JP,0,41,yamamotoyuki,"2019-06-19 13:29:41","Burghap, Prison of the Jealous Hippies"
ja_JP,0,40,yamamotoyuki,"2020-02-05 01:43:31","Burghap, Prison of the Jealous Hippies"
ja_JP,0,34,yamamotoyuki,"2021-02-04 13:22:17","Burghap, Prison of the Jealous Hippies"
ja_JP,0,21,yamamotoyuki,"2021-04-06 09:21:47","Burghap, Prison of the Jealous Hippies"
ja_JP,0,22,yamamotoyuki,"2022-05-30 15:51:00","Burghap, Prison of the Jealous Hippies"
ja_JP,0,33,naokosakamoto,"2017-12-30 08:18:36","Burghap, Prison of the Jealous Hippies"
ja_JP,0,41,naokosakamoto,"2018-04-26 18:00:51","Burghap, Prison of the Jealous Hippies"
ja_JP,0,33,naokosakamoto,"2018-11-14 00:02:19","Burghap, Prison of the Jealous Hippies"
ja_JP,0,13,naokosakamoto,"2018-12-23 05:05:55","Burghap, Prison of the Jealous Hippies"
ja_JP,0,41,naokosakamoto,"2019-03-12 23:18:11","Burghap, Prison of the Jealous Hippies"
ja_JP,0,30,naokosakamoto,"2019-10-26 22:07:36","Burghap, Prison of the Jealous Hippies"
ja_JP,0,23,naokosakamoto,"2020-04-03 04:10:03","Burghap, Prison of the Jealous Hippies"
ja_JP,0,44,naokosakamoto,"2022-08-24 23:21:05","Burghap, Prison of the Jealous Hippies"
ja_JP,0,35,rhashimoto,"2022-06-29 15:13:14","Burghap, Prison of the Jealous Hippies"
ja_JP,0,33,rhashimoto,"2022-07-19 20:15:32","Burghap, Prison of the Jealous Hippies"
ja_JP,0,8,rhashimoto,"2022-07-23 15:06:33","Burghap, Prison of the Jealous Hippies"
ja_JP,0,43,rhashimoto,"2022-08-17 06:48:34","Burghap, Prison of the Jealous Hippies"
ja_JP,0,46,rhashimoto,"2022-08-22 11:46:47","Burghap, Prison of the Jealous Hippies"
ja_JP,0,10,rhashimoto,"2022-08-27 16:00:53","Burghap, Prison of the Jealous Hippies"
ja_JP,0,29,rhashimoto,"2022-10-07 12:52:02","Burghap, Prison of the Jealous Hippies"
ja_JP,0,26,rhashimoto,"2022-12-06 07:20:17","Burghap, Prison of the Jealous Hippies"
es_ES,0,39,paula29,"2012-02-08 01:19:19","Burghap, Prison of the Jealous Hippies"
es_ES,0,49,paula29,"2012-11-22 23:31:27","Burghap, Prison of the Jealous Hippies"
es_ES,0,25,paula29,"2016-06-13 11:08:05","Burghap, Prison of the Jealous Hippies"
es_ES,0,8,paula29,"2016-08-27 07:18:44","Burghap, Prison of the Jealous Hippies"
es_ES,0,43,paula29,"2017-03-15 14:24:56","Burghap, Prison of the Jealous Hippies"
es_ES,0,37,paula29,"2017-04-05 22:57:37","Burghap, Prison of the Jealous Hippies"
es_ES,0,49,paula29,"2017-08-11 18:54:51","Burghap, Prison of the Jealous Hippies"
es_ES,0,46,paula29,"2020-03-24 05:16:38","Burghap, Prison of the Jealous Hippies"
es_ES,0,42,paula29,"2020-10-07 08:57:44","Burghap, Prison of the Jealous Hippies"
es_ES,0,42,paula29,"2020-11-19 08:12:45","Burghap, Prison of the Jealous Hippies"
es_ES,0,19,paula29,"2021-05-02 16:54:51","Burghap, Prison of the Jealous Hippies"
es_ES,0,28,paula29,"2022-08-10 01:56:19","Burghap, Prison of the Jealous Hippies"
es_ES,0,15,garciamartirio,"2018-01-27 06:00:36","Burghap, Prison of the Jealous Hippies"
es_ES,0,27,garciamartirio,"2018-06-02 01:40:52","Burghap, Prison of the Jealous Hippies"
es_ES,0,29,garciamartirio,"2018-12-07 14:37:39","Burghap, Prison of the Jealous Hippies"
es_ES,0,44,garciamartirio,"2019-02-05 10:42:05","Burghap, Prison of the Jealous Hippies"
es_ES,0,45,garciamartirio,"2019-02-11 13:07:41","Burghap, Prison of the Jealous Hippies"
es_ES,0,34,garciamartirio,"2020-05-01 11:45:54","Burghap, Prison of the Jealous Hippies"
es_ES,0,34,garciamartirio,"2021-03-25 04:46:40","Burghap, Prison of the Jealous Hippies"
es_ES,0,25,garciamartirio,"2022-07-20 05:23:07","Burghap, Prison of the Jealous Hippies"
es_ES,0,3,garciamartirio,"2022-08-18 16:15:14","Burghap, Prison of the Jealous Hippies"
es_ES,0,17,garciamartirio,"2022-10-23 15:02:01","Burghap, Prison of the Jealous Hippies"
ja_JP,0,37,yutatakahashi,"2021-10-31 21:36:46","Burghap, Prison of the Jealous Hippies"
ja_JP,0,38,yutatakahashi,"2022-01-05 05:27:03","Burghap, Prison of the Jealous Hippies"
ja_JP,0,22,yutatakahashi,"2022-05-15 00:42:38","Burghap, Prison of the Jealous Hippies"
ja_JP,0,46,yutatakahashi,"2022-11-15 02:43:58","Burghap, Prison of the Jealous Hippies"
ja_JP,0,41,yutatakahashi,"2022-12-02 07:10:10","Burghap, Prison of the Jealous Hippies"
ja_JP,0,11,yutatakahashi,"2022-12-17 21:23:10","Burghap, Prison of the Jealous Hippies"
ja_JP,0,49,naoki02,"2022-08-26 10:21:49","Burghap, Prison of the Jealous Hippies"
ja_JP,0,19,naoki02,"2022-09-02 12:45:34","Burghap, Prison of the Jealous Hippies"
ja_JP,0,37,naoki02,"2022-09-25 09:07:35","Burghap, Prison of the Jealous Hippies"
ja_JP,0,39,naoki02,"2022-10-20 01:56:04","Burghap, Prison of the Jealous Hippies"
ja_JP,0,35,naoki02,"2022-11-12 09:42:31","Burghap, Prison of the Jealous Hippies"
ja_JP,0,36,naoki02,"2022-11-23 16:50:59","Burghap, Prison of the Jealous Hippies"
ja_JP,0,47,naoki02,"2022-12-08 21:55:36","Burghap, Prison of the Jealous Hippies"
ja_JP,0,43,naoki02,"2022-12-25 10:39:16","Burghap, Prison of the Jealous Hippies"
ja_JP,0,43,haruka48,"2021-09-14 07:35:58","Burghap, Prison of the Jealous Hippies"
ja_JP,0,35,haruka48,"2021-10-11 22:43:34","Burghap, Prison of the Jealous Hippies"
ja_JP,0,31,haruka48,"2021-10-13 02:16:26","Burghap, Prison of the Jealous Hippies"
ja_JP,0,32,haruka48,"2021-11-16 05:39:01","Burghap, Prison of the Jealous Hippies"
ja_JP,0,12,haruka48,"2022-02-18 15:28:06","Burghap, Prison of the Jealous Hippies"
ja_JP,0,32,haruka48,"2022-10-02 15:03:31","Burghap, Prison of the Jealous Hippies"
ja_JP,0,33,haruka48,"2022-11-07 19:50:10","Burghap, Prison of the Jealous Hippies"
it_IT,0,48,colucciotaliani,"2013-05-05 17:03:36","Burghap, Prison of the Jealous Hippies"
it_IT,0,45,colucciotaliani,"2014-12-05 21:29:34","Burghap, Prison of the Jealous Hippies"
it_IT,0,18,colucciotaliani,"2016-08-01 07:54:58","Burghap, Prison of the Jealous Hippies"
it_IT,0,33,colucciotaliani,"2018-09-10 06:30:18","Burghap, Prison of the Jealous Hippies"
it_IT,0,37,colucciotaliani,"2019-06-22 08:40:32","Burghap, Prison of the Jealous Hippies"
it_IT,0,36,colucciotaliani,"2019-06-23 04:08:47","Burghap, Prison of the Jealous Hippies"
it_IT,0,27,colucciotaliani,"2020-05-29 15:38:40","Burghap, Prison of the Jealous Hippies"
it_IT,0,30,colucciotaliani,"2021-01-01 03:37:29","Burghap, Prison of the Jealous Hippies"
it_IT,0,32,colucciotaliani,"2022-12-23 13:01:56","Burghap, Prison of the Jealous Hippies"
en_US,0,35,ericpeterson,"2013-08-07 14:38:04","Burghap, Prison of the Jealous Hippies"
en_US,0,46,ericpeterson,"2013-12-19 21:26:12","Burghap, Prison of the Jealous Hippies"
en_US,0,23,ericpeterson,"2014-05-25 07:48:14","Burghap, Prison of the Jealous Hippies"
en_US,0,14,ericpeterson,"2015-12-29 20:15:42","Burghap, Prison of the Jealous Hippies"
en_US,0,36,ericpeterson,"2016-11-15 05:41:24","Burghap, Prison of the Jealous Hippies"
en_US,0,19,ericpeterson,"2017-01-20 07:37:49","Burghap, Prison of the Jealous Hippies"
en_US,0,27,ericpeterson,"2017-03-11 16:24:26","Burghap, Prison of the Jealous Hippies"
en_US,0,42,ericpeterson,"2019-01-18 09:56:50","Burghap, Prison of the Jealous Hippies"
en_US,0,15,ericpeterson,"2019-07-18 17:46:01","Burghap, Prison of the Jealous Hippies"
es_ES,0,41,lucho53,"2014-10-15 01:09:54","Burghap, Prison of the Jealous Hippies"
es_ES,0,34,lucho53,"2015-01-19 07:02:32","Burghap, Prison of the Jealous Hippies"
es_ES,0,48,lucho53,"2015-02-20 10:31:05","Burghap, Prison of the Jealous Hippies"
es_ES,0,40,lucho53,"2017-01-18 01:07:07","Burghap, Prison of the Jealous Hippies"
es_ES,0,30,lucho53,"2017-05-12 09:47:37","Burghap, Prison of the Jealous Hippies"
es_ES,0,27,lucho53,"2018-08-10 03:00:50","Burghap, Prison of the Jealous Hippies"
es_ES,0,20,lucho53,"2019-02-01 09:41:56","Burghap, Prison of the Jealous Hippies"
es_ES,0,3,lucho53,"2019-03-20 16:10:15","Burghap, Prison of the Jealous Hippies"
es_ES,0,29,lucho53,"2019-04-29 01:15:23","Burghap, Prison of the Jealous Hippies"
es_ES,0,13,lucho53,"2020-10-04 00:12:46","Burghap, Prison of the Jealous Hippies"
es_ES,0,49,lucho53,"2021-04-05 01:15:38","Burghap, Prison of the Jealous Hippies"
es_ES,0,42,lucho53,"2021-11-24 17:14:30","Burghap, Prison of the Jealous Hippies"
es_ES,0,43,lucho53,"2022-06-18 16:03:51","Burghap, Prison of the Jealous Hippies"
es_ES,0,20,tpaniagua,"2020-07-28 11:06:18","Burghap, Prison of the Jealous Hippies"
es_ES,0,38,tpaniagua,"2020-08-05 02:04:33","Burghap, Prison of the Jealous Hippies"
es_ES,0,22,tpaniagua,"2020-08-15 07:59:55","Burghap, Prison of the Jealous Hippies"
es_ES,0,22,tpaniagua,"2020-09-08 10:11:11","Burghap, Prison of the Jealous Hippies"
es_ES,0,44,tpaniagua,"2020-09-15 11:43:55","Burghap, Prison of the Jealous Hippies"
es_ES,0,27,tpaniagua,"2020-11-15 10:03:39","Burghap, Prison of the Jealous Hippies"
es_ES,0,12,tpaniagua,"2021-04-24 12:12:10","Burghap, Prison of the Jealous Hippies"
es_ES,0,35,tpaniagua,"2021-06-23 15:24:20","Burghap, Prison of the Jealous Hippies"
es_ES,0,22,tpaniagua,"2021-10-08 02:07:55","Burghap, Prison of the Jealous Hippies"
es_ES,0,34,tpaniagua,"2022-01-05 15:33:43","Burghap, Prison of the Jealous Hippies"
es_ES,0,36,tpaniagua,"2022-04-27 15:19:17","Burghap, Prison of the Jealous Hippies"
es_ES,0,43,tpaniagua,"2022-05-02 16:34:30","Burghap, Prison of the Jealous Hippies"
es_ES,0,47,tpaniagua,"2022-08-30 23:35:08","Burghap, Prison of the Jealous Hippies"
es_ES,0,10,tpaniagua,"2022-10-20 08:09:07","Burghap, Prison of the Jealous Hippies"
es_ES,0,33,tpaniagua,"2022-12-18 05:17:05","Burghap, Prison of the Jealous Hippies"
es_ES,0,33,tpaniagua,"2022-12-19 03:19:39","Burghap, Prison of the Jealous Hippies"
de_DE,0,19,haasefredi,"2022-09-18 16:43:06","Burghap, Prison of the Jealous Hippies"
de_DE,0,38,haasefredi,"2022-10-11 17:44:23","Burghap, Prison of the Jealous Hippies"
de_DE,0,22,haasefredi,"2022-10-27 04:05:43","Burghap, Prison of the Jealous Hippies"
de_DE,0,41,haasefredi,"2022-11-03 13:33:41","Burghap, Prison of the Jealous Hippies"
de_DE,0,25,haasefredi,"2022-11-20 23:11:53","Burghap, Prison of the Jealous Hippies"
de_DE,0,45,haasefredi,"2022-11-28 17:24:56","Burghap, Prison of the Jealous Hippies"
de_DE,0,42,haasefredi,"2022-12-06 07:38:41","Burghap, Prison of the Jealous Hippies"
de_DE,0,42,haasefredi,"2022-12-17 13:31:52","Burghap, Prison of the Jealous Hippies"
it_IT,0,7,franco76,"2012-07-25 19:24:13","Burghap, Prison of the Jealous Hippies"
it_IT,0,40,franco76,"2013-02-22 15:07:30","Burghap, Prison of the Jealous Hippies"
it_IT,0,38,franco76,"2013-10-08 00:04:20","Burghap, Prison of the Jealous Hippies"
it_IT,0,45,franco76,"2014-02-27 15:30:45","Burghap, Prison of the Jealous Hippies"
it_IT,0,36,franco76,"2014-08-14 23:27:51","Burghap, Prison of the Jealous Hippies"
it_IT,0,42,franco76,"2014-09-03 21:01:54","Burghap, Prison of the Jealous Hippies"
it_IT,0,26,franco76,"2014-12-14 02:04:34","Burghap, Prison of the Jealous Hippies"
it_IT,0,5,franco76,"2020-04-05 12:15:26","Burghap, Prison of the Jealous Hippies"
it_IT,0,41,franco76,"2021-07-25 05:51:10","Burghap, Prison of the Jealous Hippies"
it_IT,0,46,franco76,"2022-06-23 22:24:41","Burghap, Prison of the Jealous Hippies"
it_IT,0,36,franco76,"2022-12-17 08:49:14","Burghap, Prison of the Jealous Hippies"
it_IT,0,33,franco76,"2022-12-17 20:13:01","Burghap, Prison of the Jealous Hippies"
en_US,0,45,alyssabaker,"2020-07-23 14:20:06","Burghap, Prison of the Jealous Hippies"
en_US,0,32,alyssabaker,"2021-01-09 11:13:48","Burghap, Prison of the Jealous Hippies"
en_US,0,17,alyssabaker,"2021-01-28 12:37:59","Burghap, Prison of the Jealous Hippies"
en_US,0,16,alyssabaker,"2021-07-07 12:29:17","Burghap, Prison of the Jealous Hippies"
en_US,0,33,alyssabaker,"2022-01-23 12:01:19","Burghap, Prison of the Jealous Hippies"
en_US,0,47,alyssabaker,"2022-05-23 21:09:06","Burghap, Prison of the Jealous Hippies"
en_US,0,17,alyssabaker,"2022-07-04 05:00:06","Burghap, Prison of the Jealous Hippies"
en_US,0,19,alyssabaker,"2022-12-01 13:33:47","Burghap, Prison of the Jealous Hippies"
it_IT,0,23,raimondo41,"2021-08-23 03:24:14","Burghap, Prison of the Jealous Hippies"
it_IT,0,43,raimondo41,"2021-08-24 17:35:47","Burghap, Prison of the Jealous Hippies"
it_IT,0,30,raimondo41,"2021-09-06 12:24:07","Burghap, Prison of the Jealous Hippies"
it_IT,0,21,raimondo41,"2021-10-03 21:37:27","Burghap, Prison of the Jealous Hippies"
it_IT,0,31,raimondo41,"2021-10-31 01:51:16","Burghap, Prison of the Jealous Hippies"
it_IT,0,36,raimondo41,"2021-11-13 00:33:22","Burghap, Prison of the Jealous Hippies"
it_IT,0,32,raimondo41,"2022-01-01 04:55:59","Burghap, Prison of the Jealous Hippies"
it_IT,0,27,raimondo41,"2022-01-06 07:45:52","Burghap, Prison of the Jealous Hippies"
it_IT,0,49,raimondo41,"2022-03-30 21:25:02","Burghap, Prison of the Jealous Hippies"
it_IT,0,42,raimondo41,"2022-04-02 01:59:01","Burghap, Prison of the Jealous Hippies"
it_IT,0,22,raimondo41,"2022-07-27 02:15:26","Burghap, Prison of the Jealous Hippies"
it_IT,0,46,raimondo41,"2022-10-26 14:23:37","Burghap, Prison of the Jealous Hippies"
it_IT,0,47,mircotelesio,"2021-08-28 19:19:05","Burghap, Prison of the Jealous Hippies"
it_IT,0,38,mircotelesio,"2021-09-16 19:21:45","Burghap, Prison of the Jealous Hippies"
it_IT,0,16,mircotelesio,"2021-09-17 09:22:24","Burghap, Prison of the Jealous Hippies"
it_IT,0,32,mircotelesio,"2022-02-16 17:12:03","Burghap, Prison of the Jealous Hippies"
it_IT,0,38,mircotelesio,"2022-04-05 13:29:08","Burghap, Prison of the Jealous Hippies"
it_IT,0,38,mircotelesio,"2022-06-21 05:45:06","Burghap, Prison of the Jealous Hippies"
it_IT,0,30,mircotelesio,"2022-07-03 16:53:52","Burghap, Prison of the Jealous Hippies"
it_IT,0,31,mircotelesio,"2022-07-20 07:14:21","Burghap, Prison of the Jealous Hippies"
it_IT,0,20,mircotelesio,"2022-07-25 09:37:03","Burghap, Prison of the Jealous Hippies"
it_IT,0,34,mircotelesio,"2022-08-13 15:06:44","Burghap, Prison of the Jealous Hippies"
it_IT,0,38,mircotelesio,"2022-10-02 11:45:20","Burghap, Prison of the Jealous Hippies"
it_IT,0,29,mircotelesio,"2022-11-19 08:07:08","Burghap, Prison of the Jealous Hippies"
it_IT,0,27,mircotelesio,"2022-12-18 07:03:35","Burghap, Prison of the Jealous Hippies"
ko_KR,0,49,zbag,"2013-11-12 16:56:12","Burghap, Prison of the Jealous Hippies"
ko_KR,0,26,zbag,"2014-01-13 23:55:27","Burghap, Prison of the Jealous Hippies"
ko_KR,0,14,zbag,"2014-03-21 00:16:40","Burghap, Prison of the Jealous Hippies"
ko_KR,0,34,zbag,"2016-04-07 02:06:25","Burghap, Prison of the Jealous Hippies"
ko_KR,0,36,zbag,"2016-06-19 03:17:20","Burghap, Prison of the Jealous Hippies"
ko_KR,0,27,zbag,"2017-06-09 01:16:06","Burghap, Prison of the Jealous Hippies"
ko_KR,0,45,zbag,"2018-02-20 07:18:11","Burghap, Prison of the Jealous Hippies"
ko_KR,0,15,zbag,"2018-07-23 12:06:39","Burghap, Prison of the Jealous Hippies"
ko_KR,0,24,zbag,"2018-12-02 20:31:20","Burghap, Prison of the Jealous Hippies"
ko_KR,0,40,zbag,"2022-05-31 11:09:48","Burghap, Prison of the Jealous Hippies"
ko_KR,0,32,zbag,"2022-11-18 14:27:43","Burghap, Prison of the Jealous Hippies"
pt_BR,0,13,lunarezende,"2013-11-25 00:44:14","Burghap, Prison of the Jealous Hippies"
pt_BR,0,47,lunarezende,"2014-02-25 09:56:35","Burghap, Prison of the Jealous Hippies"
pt_BR,0,41,lunarezende,"2014-06-03 09:11:42","Burghap, Prison of the Jealous Hippies"
pt_BR,0,30,lunarezende,"2014-06-23 09:02:49","Burghap, Prison of the Jealous Hippies"
pt_BR,0,44,lunarezende,"2015-09-26 13:56:53","Burghap, Prison of the Jealous Hippies"
pt_BR,0,19,lunarezende,"2016-07-25 17:57:45","Burghap, Prison of the Jealous Hippies"
pt_BR,0,47,lunarezende,"2016-12-18 19:42:32","Burghap, Prison of the Jealous Hippies"
pt_BR,0,37,lunarezende,"2018-03-15 05:52:18","Burghap, Prison of the Jealous Hippies"
pt_BR,0,35,lunarezende,"2018-06-01 05:11:22","Burghap, Prison of the Jealous Hippies"
pt_BR,0,27,lunarezende,"2019-02-20 17:25:31","Burghap, Prison of the Jealous Hippies"
pt_BR,0,37,lunarezende,"2019-09-17 07:57:07","Burghap, Prison of the Jealous Hippies"
pt_BR,0,28,lunarezende,"2020-06-29 10:13:55","Burghap, Prison of the Jealous Hippies"
pt_BR,0,27,lunarezende,"2022-07-03 21:06:29","Burghap, Prison of the Jealous Hippies"
es_ES,0,43,olivejoaquin,"2020-01-21 16:17:07","Burghap, Prison of the Jealous Hippies"
es_ES,0,37,olivejoaquin,"2020-04-06 17:08:57","Burghap, Prison of the Jealous Hippies"
es_ES,0,24,olivejoaquin,"2020-05-28 13:24:58","Burghap, Prison of the Jealous Hippies"
es_ES,0,10,olivejoaquin,"2020-05-28 20:39:47","Burghap, Prison of the Jealous Hippies"
es_ES,0,43,olivejoaquin,"2021-01-20 00:51:55","Burghap, Prison of the Jealous Hippies"
es_ES,0,40,olivejoaquin,"2021-02-04 09:13:04","Burghap, Prison of the Jealous Hippies"
es_ES,0,25,olivejoaquin,"2021-03-06 02:56:28","Burghap, Prison of the Jealous Hippies"
es_ES,0,46,olivejoaquin,"2021-06-23 15:27:28","Burghap, Prison of the Jealous Hippies"
es_ES,0,22,olivejoaquin,"2021-07-02 00:27:19","Burghap, Prison of the Jealous Hippies"
es_ES,0,47,olivejoaquin,"2022-04-14 06:23:05","Burghap, Prison of the Jealous Hippies"
es_ES,0,45,olivejoaquin,"2022-05-29 23:26:12","Burghap, Prison of the Jealous Hippies"
es_ES,0,37,olivejoaquin,"2022-09-27 06:15:51","Burghap, Prison of the Jealous Hippies"
pt_BR,0,39,aliciacardoso,"2021-01-27 04:02:55","Burghap, Prison of the Jealous Hippies"
pt_BR,0,2,aliciacardoso,"2021-07-03 19:15:58","Burghap, Prison of the Jealous Hippies"
pt_BR,0,30,aliciacardoso,"2021-08-13 07:56:35","Burghap, Prison of the Jealous Hippies"
pt_BR,0,49,aliciacardoso,"2021-10-31 03:05:27","Burghap, Prison of the Jealous Hippies"
pt_BR,0,19,aliciacardoso,"2021-12-02 01:41:44","Burghap, Prison of the Jealous Hippies"
pt_BR,0,48,aliciacardoso,"2022-01-04 11:54:30","Burghap, Prison of the Jealous Hippies"
pt_BR,0,27,aliciacardoso,"2022-01-11 07:27:14","Burghap, Prison of the Jealous Hippies"
pt_BR,0,40,aliciacardoso,"2022-10-22 04:18:02","Burghap, Prison of the Jealous Hippies"
de_DE,0,31,okeudel,"2020-04-18 08:41:25","Burghap, Prison of the Jealous Hippies"
de_DE,0,26,okeudel,"2020-11-05 19:10:30","Burghap, Prison of the Jealous Hippies"
de_DE,0,49,okeudel,"2021-03-23 13:53:30","Burghap, Prison of the Jealous Hippies"
de_DE,0,35,okeudel,"2021-03-29 08:07:07","Burghap, Prison of the Jealous Hippies"
de_DE,0,13,okeudel,"2021-11-13 08:10:18","Burghap, Prison of the Jealous Hippies"
de_DE,0,41,okeudel,"2022-02-10 08:29:11","Burghap, Prison of the Jealous Hippies"
de_DE,0,19,okeudel,"2022-09-24 12:25:27","Burghap, Prison of the Jealous Hippies"
de_DE,0,28,okeudel,"2022-10-06 01:30:15","Burghap, Prison of the Jealous Hippies"
de_DE,0,48,okeudel,"2022-10-22 22:04:02","Burghap, Prison of the Jealous Hippies"
de_DE,0,41,okeudel,"2022-12-10 15:55:37","Burghap, Prison of the Jealous Hippies"
en_US,0,28,scottreynolds,"2020-05-29 22:57:43","Burghap, Prison of the Jealous Hippies"
en_US,0,46,scottreynolds,"2020-07-22 12:20:09","Burghap, Prison of the Jealous Hippies"
en_US,0,46,scottreynolds,"2020-07-29 21:25:30","Burghap, Prison of the Jealous Hippies"
en_US,0,44,scottreynolds,"2020-09-29 22:16:02","Burghap, Prison of the Jealous Hippies"
en_US,0,44,scottreynolds,"2020-11-15 21:51:29","Burghap, Prison of the Jealous Hippies"
en_US,0,39,scottreynolds,"2020-12-15 13:35:50","Burghap, Prison of the Jealous Hippies"
en_US,0,30,scottreynolds,"2021-01-12 19:18:27","Burghap, Prison of the Jealous Hippies"
en_US,0,18,scottreynolds,"2021-03-14 16:02:07","Burghap, Prison of the Jealous Hippies"
en_US,0,44,scottreynolds,"2021-05-24 21:29:25","Burghap, Prison of the Jealous Hippies"
en_US,0,36,scottreynolds,"2021-08-04 04:14:06","Burghap, Prison of the Jealous Hippies"
en_US,0,36,scottreynolds,"2021-09-21 00:19:35","Burghap, Prison of the Jealous Hippies"
en_US,0,21,scottreynolds,"2021-09-23 17:52:18","Burghap, Prison of the Jealous Hippies"
en_US,0,26,scottreynolds,"2022-01-11 12:29:41","Burghap, Prison of the Jealous Hippies"
en_US,0,41,scottreynolds,"2022-05-22 10:22:00","Burghap, Prison of the Jealous Hippies"
en_US,0,37,scottreynolds,"2022-07-27 14:35:12","Burghap, Prison of the Jealous Hippies"
en_US,0,49,scottreynolds,"2022-08-31 19:56:39","Burghap, Prison of the Jealous Hippies"
ru_RU,0,27,orlovaevdokija,"2016-02-04 02:32:14","Burghap, Prison of the Jealous Hippies"
ru_RU,0,8,orlovaevdokija,"2016-05-15 06:27:35","Burghap, Prison of the Jealous Hippies"
ru_RU,0,43,orlovaevdokija,"2018-03-05 00:55:48","Burghap, Prison of the Jealous Hippies"
ru_RU,0,46,orlovaevdokija,"2019-09-27 09:39:00","Burghap, Prison of the Jealous Hippies"
ru_RU,0,43,orlovaevdokija,"2019-11-05 22:25:50","Burghap, Prison of the Jealous Hippies"
ru_RU,0,45,orlovaevdokija,"2019-12-01 15:06:41","Burghap, Prison of the Jealous Hippies"
ru_RU,0,25,orlovaevdokija,"2020-04-06 23:41:19","Burghap, Prison of the Jealous Hippies"
ru_RU,0,46,orlovaevdokija,"2020-05-21 22:25:13","Burghap, Prison of the Jealous Hippies"
ru_RU,0,22,orlovaevdokija,"2022-03-12 21:31:29","Burghap, Prison of the Jealous Hippies"
ru_RU,0,26,orlovaevdokija,"2022-07-02 03:55:29","Burghap, Prison of the Jealous Hippies"
en_US,0,27,sandra83,"2021-11-01 04:37:38","Burghap, Prison of the Jealous Hippies"
en_US,0,46,sandra83,"2021-12-05 11:50:34","Burghap, Prison of the Jealous Hippies"
en_US,0,17,sandra83,"2022-02-09 20:24:40","Burghap, Prison of the Jealous Hippies"
en_US,0,44,sandra83,"2022-02-17 18:50:31","Burghap, Prison of the Jealous Hippies"
en_US,0,43,sandra83,"2022-03-07 16:16:40","Burghap, Prison of the Jealous Hippies"
en_US,0,45,sandra83,"2022-05-06 09:27:31","Burghap, Prison of the Jealous Hippies"
en_US,0,8,sandra83,"2022-05-17 06:44:45","Burghap, Prison of the Jealous Hippies"
en_US,0,43,sandra83,"2022-05-20 15:02:37","Burghap, Prison of the Jealous Hippies"
en_US,0,34,sandra83,"2022-06-30 18:48:03","Burghap, Prison of the Jealous Hippies"
en_US,0,46,sandra83,"2022-08-19 21:54:17","Burghap, Prison of the Jealous Hippies"
en_US,0,20,sandra83,"2022-10-04 01:43:23","Burghap, Prison of the Jealous Hippies"
en_US,0,22,sandra83,"2022-11-20 08:09:46","Burghap, Prison of the Jealous Hippies"
en_US,0,33,lori41,"2014-04-27 08:15:14","Burghap, Prison of the Jealous Hippies"
en_US,0,10,lori41,"2016-05-13 19:39:39","Burghap, Prison of the Jealous Hippies"
en_US,0,44,lori41,"2019-07-30 00:24:31","Burghap, Prison of the Jealous Hippies"
en_US,0,38,lori41,"2019-11-24 08:42:44","Burghap, Prison of the Jealous Hippies"
en_US,0,23,lori41,"2021-06-09 05:58:17","Burghap, Prison of the Jealous Hippies"
en_US,0,16,lori41,"2022-02-05 07:55:18","Burghap, Prison of the Jealous Hippies"
en_US,0,40,lori41,"2022-07-10 05:02:46","Burghap, Prison of the Jealous Hippies"
en_US,0,38,mariachaney,"2019-11-12 18:18:15","Burghap, Prison of the Jealous Hippies"
en_US,0,49,mariachaney,"2020-11-01 19:13:17","Burghap, Prison of the Jealous Hippies"
en_US,0,27,mariachaney,"2021-04-21 06:28:19","Burghap, Prison of the Jealous Hippies"
en_US,0,46,mariachaney,"2022-06-30 04:08:23","Burghap, Prison of the Jealous Hippies"
es_ES,0,44,luismateo,"2014-09-29 01:12:48","Burghap, Prison of the Jealous Hippies"
es_ES,0,32,luismateo,"2015-02-19 07:14:35","Burghap, Prison of the Jealous Hippies"
es_ES,0,34,luismateo,"2017-03-03 15:14:39","Burghap, Prison of the Jealous Hippies"
es_ES,0,44,luismateo,"2017-05-07 00:59:25","Burghap, Prison of the Jealous Hippies"
es_ES,0,45,luismateo,"2017-05-23 22:20:41","Burghap, Prison of the Jealous Hippies"
es_ES,0,17,luismateo,"2017-10-03 11:18:35","Burghap, Prison of the Jealous Hippies"
es_ES,0,49,luismateo,"2018-01-03 08:37:07","Burghap, Prison of the Jealous Hippies"
es_ES,0,22,luismateo,"2020-07-14 08:28:50","Burghap, Prison of the Jealous Hippies"
es_ES,0,23,luismateo,"2020-11-16 22:32:47","Burghap, Prison of the Jealous Hippies"
es_ES,0,36,luismateo,"2022-07-22 04:36:10","Burghap, Prison of the Jealous Hippies"
es_ES,0,46,rene30,"2018-11-14 00:00:59","Burghap, Prison of the Jealous Hippies"
es_ES,0,41,rene30,"2018-11-30 06:07:33","Burghap, Prison of the Jealous Hippies"
es_ES,0,31,rene30,"2019-07-13 20:53:38","Burghap, Prison of the Jealous Hippies"
es_ES,0,21,rene30,"2019-09-30 17:53:56","Burghap, Prison of the Jealous Hippies"
es_ES,0,25,rene30,"2021-01-19 20:12:56","Burghap, Prison of the Jealous Hippies"
es_ES,0,34,rene30,"2021-07-20 03:10:17","Burghap, Prison of the Jealous Hippies"
es_ES,0,41,rene30,"2021-08-16 04:07:12","Burghap, Prison of the Jealous Hippies"
es_ES,0,37,rene30,"2021-09-07 01:37:12","Burghap, Prison of the Jealous Hippies"
es_ES,0,36,rene30,"2022-07-19 18:25:23","Burghap, Prison of the Jealous Hippies"
es_ES,0,27,auroraespana,"2022-04-04 07:42:43","Burghap, Prison of the Jealous Hippies"
es_ES,0,23,auroraespana,"2022-05-29 07:06:56","Burghap, Prison of the Jealous Hippies"
es_ES,0,45,auroraespana,"2022-06-30 09:19:04","Burghap, Prison of the Jealous Hippies"
es_ES,0,42,auroraespana,"2022-10-23 11:56:22","Burghap, Prison of the Jealous Hippies"
es_ES,0,48,auroraespana,"2022-12-05 11:52:49","Burghap, Prison of the Jealous Hippies"
es_ES,0,34,auroraespana,"2022-12-05 15:39:17","Burghap, Prison of the Jealous Hippies"
es_ES,0,15,auroraespana,"2022-12-14 11:36:08","Burghap, Prison of the Jealous Hippies"
es_ES,0,31,auroraespana,"2022-12-22 18:23:15","Burghap, Prison of the Jealous Hippies"
es_ES,0,30,auroraespana,"2022-12-24 20:04:36","Burghap, Prison of the Jealous Hippies"
pt_BR,0,43,calebebarbosa,"2020-09-01 07:11:21","Burghap, Prison of the Jealous Hippies"
pt_BR,0,8,calebebarbosa,"2020-09-30 17:55:08","Burghap, Prison of the Jealous Hippies"
pt_BR,0,39,calebebarbosa,"2020-10-07 05:18:27","Burghap, Prison of the Jealous Hippies"
pt_BR,0,13,calebebarbosa,"2020-11-29 16:49:34","Burghap, Prison of the Jealous Hippies"
pt_BR,0,45,calebebarbosa,"2021-06-04 23:07:30","Burghap, Prison of the Jealous Hippies"
pt_BR,0,21,calebebarbosa,"2021-08-25 19:56:34","Burghap, Prison of the Jealous Hippies"
pt_BR,0,32,calebebarbosa,"2022-05-04 05:55:02","Burghap, Prison of the Jealous Hippies"
pt_BR,0,48,calebebarbosa,"2022-06-21 16:11:52","Burghap, Prison of the Jealous Hippies"
pt_BR,0,20,calebebarbosa,"2022-10-09 07:08:14","Burghap, Prison of the Jealous Hippies"
es_ES,0,35,ferrerasilvio,"2022-11-07 09:52:34","Burghap, Prison of the Jealous Hippies"
es_ES,0,47,ferrerasilvio,"2022-11-24 04:01:24","Burghap, Prison of the Jealous Hippies"
es_ES,0,48,ferrerasilvio,"2022-11-29 03:30:33","Burghap, Prison of the Jealous Hippies"
es_ES,0,10,ferrerasilvio,"2022-12-05 23:00:01","Burghap, Prison of the Jealous Hippies"
es_ES,0,40,ferrerasilvio,"2022-12-05 23:46:01","Burghap, Prison of the Jealous Hippies"
es_ES,0,5,ferrerasilvio,"2022-12-10 01:28:22","Burghap, Prison of the Jealous Hippies"
es_ES,0,43,ferrerasilvio,"2022-12-16 18:15:34","Burghap, Prison of the Jealous Hippies"
es_ES,0,8,ferrerasilvio,"2022-12-18 00:56:50","Burghap, Prison of the Jealous Hippies"
es_ES,0,35,ferrerasilvio,"2022-12-20 18:29:41","Burghap, Prison of the Jealous Hippies"
es_ES,0,44,ferrerasilvio,"2022-12-21 12:14:23","Burghap, Prison of the Jealous Hippies"
es_ES,0,32,ferrerasilvio,"2022-12-26 13:33:21","Burghap, Prison of the Jealous Hippies"
es_ES,0,38,ferrerasilvio,"2022-12-26 15:25:25","Burghap, Prison of the Jealous Hippies"
fr_FR,0,49,etiennedufour,"2018-02-07 13:44:37","Burghap, Prison of the Jealous Hippies"
fr_FR,0,44,etiennedufour,"2018-05-28 20:55:18","Burghap, Prison of the Jealous Hippies"
fr_FR,0,39,etiennedufour,"2018-08-22 19:08:32","Burghap, Prison of the Jealous Hippies"
fr_FR,0,30,etiennedufour,"2018-12-22 17:32:56","Burghap, Prison of the Jealous Hippies"
fr_FR,0,30,etiennedufour,"2019-02-13 19:48:48","Burghap, Prison of the Jealous Hippies"
fr_FR,0,39,etiennedufour,"2019-04-28 02:09:00","Burghap, Prison of the Jealous Hippies"
fr_FR,0,22,etiennedufour,"2019-09-18 16:38:46","Burghap, Prison of the Jealous Hippies"
fr_FR,0,48,etiennedufour,"2019-11-10 00:07:02","Burghap, Prison of the Jealous Hippies"
fr_FR,0,36,etiennedufour,"2019-11-18 21:57:54","Burghap, Prison of the Jealous Hippies"
fr_FR,0,44,etiennedufour,"2020-02-02 19:18:12","Burghap, Prison of the Jealous Hippies"
fr_FR,0,38,etiennedufour,"2020-05-14 12:58:38","Burghap, Prison of the Jealous Hippies"
fr_FR,0,24,etiennedufour,"2020-08-02 10:27:11","Burghap, Prison of the Jealous Hippies"
fr_FR,0,8,etiennedufour,"2020-09-09 01:34:11","Burghap, Prison of the Jealous Hippies"
fr_FR,0,49,etiennedufour,"2022-12-08 09:07:34","Burghap, Prison of the Jealous Hippies"
fr_FR,0,46,didierbernard,"2021-11-14 03:17:08","Burghap, Prison of the Jealous Hippies"
fr_FR,0,41,didierbernard,"2021-11-24 17:31:21","Burghap, Prison of the Jealous Hippies"
fr_FR,0,37,didierbernard,"2021-11-28 01:25:18","Burghap, Prison of the Jealous Hippies"
fr_FR,0,48,didierbernard,"2022-02-03 22:46:00","Burghap, Prison of the Jealous Hippies"
fr_FR,0,12,didierbernard,"2022-04-19 18:27:42","Burghap, Prison of the Jealous Hippies"
fr_FR,0,39,didierbernard,"2022-05-12 04:41:05","Burghap, Prison of the Jealous Hippies"
fr_FR,0,29,didierbernard,"2022-05-16 08:19:45","Burghap, Prison of the Jealous Hippies"
fr_FR,0,40,didierbernard,"2022-11-28 23:06:47","Burghap, Prison of the Jealous Hippies"
fr_FR,0,48,didierbernard,"2022-12-24 05:01:51","Burghap, Prison of the Jealous Hippies"
fr_FR,0,46,anaistessier,"2022-04-04 20:47:57","Burghap, Prison of the Jealous Hippies"
fr_FR,0,47,anaistessier,"2022-04-05 03:11:07","Burghap, Prison of the Jealous Hippies"
fr_FR,0,47,anaistessier,"2022-06-21 08:32:12","Burghap, Prison of the Jealous Hippies"
fr_FR,0,15,anaistessier,"2022-07-16 18:28:20","Burghap, Prison of the Jealous Hippies"
fr_FR,0,31,anaistessier,"2022-07-27 11:47:15","Burghap, Prison of the Jealous Hippies"
fr_FR,0,15,anaistessier,"2022-07-30 22:38:11","Burghap, Prison of the Jealous Hippies"
fr_FR,0,46,anaistessier,"2022-08-05 14:35:22","Burghap, Prison of the Jealous Hippies"
fr_FR,0,31,anaistessier,"2022-08-12 16:57:45","Burghap, Prison of the Jealous Hippies"
fr_FR,0,24,anaistessier,"2022-08-16 06:50:43","Burghap, Prison of the Jealous Hippies"
fr_FR,0,36,anaistessier,"2022-08-19 23:28:57","Burghap, Prison of the Jealous Hippies"
fr_FR,0,8,anaistessier,"2022-08-21 16:44:41","Burghap, Prison of the Jealous Hippies"
fr_FR,0,14,anaistessier,"2022-09-11 04:26:50","Burghap, Prison of the Jealous Hippies"
fr_FR,0,42,anaistessier,"2022-09-21 18:05:12","Burghap, Prison of the Jealous Hippies"
fr_FR,0,39,anaistessier,"2022-09-29 20:31:07","Burghap, Prison of the Jealous Hippies"
fr_FR,0,46,anaistessier,"2022-11-02 09:11:33","Burghap, Prison of the Jealous Hippies"
fr_FR,0,34,anaistessier,"2022-11-21 03:55:27","Burghap, Prison of the Jealous Hippies"
es_ES,0,23,talmeida,"2019-02-21 21:40:36","Burghap, Prison of the Jealous Hippies"
es_ES,0,31,talmeida,"2020-01-16 02:20:31","Burghap, Prison of the Jealous Hippies"
es_ES,0,22,talmeida,"2020-05-27 16:02:55","Burghap, Prison of the Jealous Hippies"
es_ES,0,11,talmeida,"2020-07-12 15:17:50","Burghap, Prison of the Jealous Hippies"
es_ES,0,24,talmeida,"2020-12-02 00:45:06","Burghap, Prison of the Jealous Hippies"
es_ES,0,16,talmeida,"2021-11-11 06:39:51","Burghap, Prison of the Jealous Hippies"
de_DE,0,12,misichergotthold,"2013-11-25 23:00:51","Burghap, Prison of the Jealous Hippies"
de_DE,0,30,misichergotthold,"2014-02-07 04:48:47","Burghap, Prison of the Jealous Hippies"
de_DE,0,3,misichergotthold,"2014-11-27 17:25:53","Burghap, Prison of the Jealous Hippies"
de_DE,0,22,misichergotthold,"2016-11-01 09:12:19","Burghap, Prison of the Jealous Hippies"
de_DE,0,49,misichergotthold,"2017-03-08 01:38:32","Burghap, Prison of the Jealous Hippies"
de_DE,0,38,misichergotthold,"2017-03-21 01:29:12","Burghap, Prison of the Jealous Hippies"
de_DE,0,31,misichergotthold,"2017-11-16 19:21:24","Burghap, Prison of the Jealous Hippies"
de_DE,0,46,misichergotthold,"2022-05-02 07:41:14","Burghap, Prison of the Jealous Hippies"
de_DE,0,49,misichergotthold,"2022-07-19 03:23:23","Burghap, Prison of the Jealous Hippies"
de_DE,0,37,misichergotthold,"2022-09-06 21:06:03","Burghap, Prison of the Jealous Hippies"
fr_FR,0,31,francoise79,"2017-10-16 16:18:47","Burghap, Prison of the Jealous Hippies"
fr_FR,0,30,francoise79,"2018-09-12 02:26:03","Burghap, Prison of the Jealous Hippies"
fr_FR,0,29,francoise79,"2019-03-02 06:20:38","Burghap, Prison of the Jealous Hippies"
fr_FR,0,34,francoise79,"2019-09-18 02:50:15","Burghap, Prison of the Jealous Hippies"
fr_FR,0,46,francoise79,"2019-10-21 04:17:03","Burghap, Prison of the Jealous Hippies"
fr_FR,0,32,francoise79,"2020-01-25 21:20:54","Burghap, Prison of the Jealous Hippies"
fr_FR,0,18,francoise79,"2021-01-14 05:04:17","Burghap, Prison of the Jealous Hippies"
fr_FR,0,19,francoise79,"2021-04-11 19:54:35","Burghap, Prison of the Jealous Hippies"
fr_FR,0,25,francoise79,"2022-04-17 01:30:39","Burghap, Prison of the Jealous Hippies"
fr_FR,0,48,francoise79,"2022-07-17 12:02:51","Burghap, Prison of the Jealous Hippies"
fr_FR,0,44,francoise79,"2022-09-16 21:19:05","Burghap, Prison of the Jealous Hippies"
fr_FR,0,32,capucinecoulon,"2015-09-30 23:41:49","Burghap, Prison of the Jealous Hippies"
fr_FR,0,33,capucinecoulon,"2017-01-27 05:22:15","Burghap, Prison of the Jealous Hippies"
fr_FR,0,47,capucinecoulon,"2019-05-16 22:30:40","Burghap, Prison of the Jealous Hippies"
fr_FR,0,25,capucinecoulon,"2020-09-17 21:05:51","Burghap, Prison of the Jealous Hippies"
fr_FR,0,10,capucinecoulon,"2021-07-16 12:57:04","Burghap, Prison of the Jealous Hippies"
fr_FR,0,36,capucinecoulon,"2021-08-21 18:27:08","Burghap, Prison of the Jealous Hippies"
fr_FR,0,49,capucinecoulon,"2022-04-09 20:30:03","Burghap, Prison of the Jealous Hippies"
es_ES,0,44,lpalomo,"2021-07-02 15:04:19","Burghap, Prison of the Jealous Hippies"
es_ES,0,45,lpalomo,"2021-09-09 09:31:59","Burghap, Prison of the Jealous Hippies"
es_ES,0,46,lpalomo,"2021-11-13 03:21:29","Burghap, Prison of the Jealous Hippies"
es_ES,0,40,lpalomo,"2021-12-13 04:21:56","Burghap, Prison of the Jealous Hippies"
es_ES,0,47,lpalomo,"2022-01-03 14:37:53","Burghap, Prison of the Jealous Hippies"
es_ES,0,8,lpalomo,"2022-05-05 18:39:31","Burghap, Prison of the Jealous Hippies"
es_ES,0,12,lpalomo,"2022-06-29 20:10:59","Burghap, Prison of the Jealous Hippies"
es_ES,0,48,lpalomo,"2022-07-11 00:37:06","Burghap, Prison of the Jealous Hippies"
es_ES,0,7,lpalomo,"2022-08-30 16:35:48","Burghap, Prison of the Jealous Hippies"
es_ES,0,40,lpalomo,"2022-10-05 17:46:07","Burghap, Prison of the Jealous Hippies"
es_ES,0,7,lpalomo,"2022-10-25 15:43:43","Burghap, Prison of the Jealous Hippies"
es_ES,0,49,lpalomo,"2022-10-30 18:27:23","Burghap, Prison of the Jealous Hippies"
es_ES,0,3,lpalomo,"2022-11-04 17:35:21","Burghap, Prison of the Jealous Hippies"
it_IT,0,17,napoleone61,"2016-11-28 11:28:49","Burghap, Prison of the Jealous Hippies"
it_IT,0,48,napoleone61,"2017-05-28 18:56:38","Burghap, Prison of the Jealous Hippies"
it_IT,0,33,napoleone61,"2017-12-28 14:08:17","Burghap, Prison of the Jealous Hippies"
it_IT,0,47,napoleone61,"2018-02-09 05:03:09","Burghap, Prison of the Jealous Hippies"
it_IT,0,21,napoleone61,"2018-06-25 12:02:30","Burghap, Prison of the Jealous Hippies"
it_IT,0,21,napoleone61,"2019-10-22 06:39:43","Burghap, Prison of the Jealous Hippies"
it_IT,0,46,napoleone61,"2020-01-07 03:38:20","Burghap, Prison of the Jealous Hippies"
it_IT,0,17,napoleone61,"2020-01-18 17:29:27","Burghap, Prison of the Jealous Hippies"
it_IT,0,33,napoleone61,"2020-05-15 14:53:06","Burghap, Prison of the Jealous Hippies"
it_IT,0,23,napoleone61,"2020-12-03 20:10:32","Burghap, Prison of the Jealous Hippies"
it_IT,0,23,napoleone61,"2021-10-01 00:13:24","Burghap, Prison of the Jealous Hippies"
it_IT,0,34,napoleone61,"2021-12-26 02:44:24","Burghap, Prison of the Jealous Hippies"
it_IT,0,39,napoleone61,"2022-01-31 17:58:09","Burghap, Prison of the Jealous Hippies"
it_IT,0,47,napoleone61,"2022-09-21 13:16:35","Burghap, Prison of the Jealous Hippies"
it_IT,0,3,costalongacamilla,"2016-11-19 11:57:32","Burghap, Prison of the Jealous Hippies"
it_IT,0,37,costalongacamilla,"2016-11-20 06:08:19","Burghap, Prison of the Jealous Hippies"
it_IT,0,35,costalongacamilla,"2017-02-20 21:05:25","Burghap, Prison of the Jealous Hippies"
it_IT,0,49,costalongacamilla,"2018-08-31 22:39:01","Burghap, Prison of the Jealous Hippies"
it_IT,0,25,costalongacamilla,"2019-04-11 03:13:32","Burghap, Prison of the Jealous Hippies"
it_IT,0,35,costalongacamilla,"2019-07-05 05:10:54","Burghap, Prison of the Jealous Hippies"
it_IT,0,44,costalongacamilla,"2020-11-25 07:09:41","Burghap, Prison of the Jealous Hippies"
it_IT,0,34,costalongacamilla,"2021-09-22 00:42:55","Burghap, Prison of the Jealous Hippies"
it_IT,0,12,costalongacamilla,"2022-04-24 18:19:30","Burghap, Prison of the Jealous Hippies"
it_IT,0,27,costalongacamilla,"2022-08-04 06:47:21","Burghap, Prison of the Jealous Hippies"
it_IT,0,29,costalongacamilla,"2022-10-23 05:38:42","Burghap, Prison of the Jealous Hippies"
de_DE,0,47,charlottejunken,"2016-05-04 14:09:02","Burghap, Prison of the Jealous Hippies"
de_DE,0,31,charlottejunken,"2016-06-30 23:55:10","Burghap, Prison of the Jealous Hippies"
de_DE,0,46,charlottejunken,"2016-09-21 10:39:43","Burghap, Prison of the Jealous Hippies"
de_DE,0,30,charlottejunken,"2017-08-03 19:23:35","Burghap, Prison of the Jealous Hippies"
de_DE,0,35,charlottejunken,"2019-07-29 17:36:13","Burghap, Prison of the Jealous Hippies"
de_DE,0,15,charlottejunken,"2019-10-10 18:47:18","Burghap, Prison of the Jealous Hippies"
de_DE,0,45,charlottejunken,"2020-05-19 17:32:30","Burghap, Prison of the Jealous Hippies"
de_DE,0,46,charlottejunken,"2020-11-16 10:40:58","Burghap, Prison of the Jealous Hippies"
de_DE,0,43,charlottejunken,"2021-03-29 13:09:13","Burghap, Prison of the Jealous Hippies"
de_DE,0,47,charlottejunken,"2022-03-06 19:39:27","Burghap, Prison of the Jealous Hippies"
de_DE,0,47,charlottejunken,"2022-06-15 13:43:40","Burghap, Prison of the Jealous Hippies"
de_DE,0,30,khettner,"2022-01-05 02:22:07","Burghap, Prison of the Jealous Hippies"
de_DE,0,49,khettner,"2022-05-20 15:33:50","Burghap, Prison of the Jealous Hippies"
de_DE,0,44,khettner,"2022-06-23 00:53:56","Burghap, Prison of the Jealous Hippies"
de_DE,0,9,khettner,"2022-07-02 23:33:19","Burghap, Prison of the Jealous Hippies"
de_DE,0,31,khettner,"2022-07-11 05:03:15","Burghap, Prison of the Jealous Hippies"
de_DE,0,26,khettner,"2022-07-21 15:18:24","Burghap, Prison of the Jealous Hippies"
de_DE,0,10,khettner,"2022-08-23 13:59:11","Burghap, Prison of the Jealous Hippies"
de_DE,0,25,khettner,"2022-10-17 05:54:39","Burghap, Prison of the Jealous Hippies"
de_DE,0,40,khettner,"2022-11-07 20:34:03","Burghap, Prison of the Jealous Hippies"
de_DE,0,18,khettner,"2022-12-20 12:48:16","Burghap, Prison of the Jealous Hippies"
de_DE,0,33,khettner,"2022-12-25 15:29:56","Burghap, Prison of the Jealous Hippies"
de_DE,0,31,hansjoachim60,"2021-11-29 06:02:29","Burghap, Prison of the Jealous Hippies"
de_DE,0,47,hansjoachim60,"2021-12-23 06:57:42","Burghap, Prison of the Jealous Hippies"
de_DE,0,17,hansjoachim60,"2021-12-31 16:42:25","Burghap, Prison of the Jealous Hippies"
de_DE,0,19,hansjoachim60,"2022-01-26 00:02:08","Burghap, Prison of the Jealous Hippies"
de_DE,0,48,hansjoachim60,"2022-03-23 15:32:17","Burghap, Prison of the Jealous Hippies"
de_DE,0,16,hansjoachim60,"2022-04-20 03:32:41","Burghap, Prison of the Jealous Hippies"
de_DE,0,24,hansjoachim60,"2022-05-13 21:51:32","Burghap, Prison of the Jealous Hippies"
de_DE,0,37,hansjoachim60,"2022-06-07 05:44:49","Burghap, Prison of the Jealous Hippies"
de_DE,0,27,hansjoachim60,"2022-08-04 21:12:52","Burghap, Prison of the Jealous Hippies"
de_DE,0,32,hansjoachim60,"2022-10-11 04:01:34","Burghap, Prison of the Jealous Hippies"
de_DE,0,39,hansjoachim60,"2022-10-13 12:47:03","Burghap, Prison of the Jealous Hippies"
de_DE,0,5,hansjoachim60,"2022-11-05 02:35:04","Burghap, Prison of the Jealous Hippies"
de_DE,0,24,hansjoachim60,"2022-12-15 16:52:04","Burghap, Prison of the Jealous Hippies"
de_DE,0,33,korbiniankohl,"2018-03-06 06:49:04","Burghap, Prison of the Jealous Hippies"
de_DE,0,37,korbiniankohl,"2018-12-05 00:50:22","Burghap, Prison of the Jealous Hippies"
de_DE,0,37,korbiniankohl,"2019-03-07 22:45:59","Burghap, Prison of the Jealous Hippies"
de_DE,0,28,korbiniankohl,"2019-04-07 02:08:42","Burghap, Prison of the Jealous Hippies"
de_DE,0,9,korbiniankohl,"2019-07-04 15:29:40","Burghap, Prison of the Jealous Hippies"
de_DE,0,22,korbiniankohl,"2019-09-02 02:49:38","Burghap, Prison of the Jealous Hippies"
de_DE,0,32,korbiniankohl,"2019-12-11 14:33:01","Burghap, Prison of the Jealous Hippies"
de_DE,0,38,korbiniankohl,"2021-02-11 04:07:24","Burghap, Prison of the Jealous Hippies"
de_DE,0,29,korbiniankohl,"2022-04-17 23:30:03","Burghap, Prison of the Jealous Hippies"
de_DE,0,39,korbiniankohl,"2022-06-15 04:01:20","Burghap, Prison of the Jealous Hippies"
ru_RU,0,49,avgustlobanov,"2014-04-05 13:56:54","Burghap, Prison of the Jealous Hippies"
ru_RU,0,40,avgustlobanov,"2014-08-15 16:23:04","Burghap, Prison of the Jealous Hippies"
ru_RU,0,43,avgustlobanov,"2014-12-14 13:10:35","Burghap, Prison of the Jealous Hippies"
ru_RU,0,9,avgustlobanov,"2015-06-30 08:46:03","Burghap, Prison of the Jealous Hippies"
ru_RU,0,49,avgustlobanov,"2016-04-07 08:10:43","Burghap, Prison of the Jealous Hippies"
ru_RU,0,31,avgustlobanov,"2017-03-14 03:27:49","Burghap, Prison of the Jealous Hippies"
ru_RU,0,44,avgustlobanov,"2017-10-02 10:42:53","Burghap, Prison of the Jealous Hippies"
ru_RU,0,41,avgustlobanov,"2018-08-02 03:36:09","Burghap, Prison of the Jealous Hippies"
ru_RU,0,37,avgustlobanov,"2020-04-17 09:20:43","Burghap, Prison of the Jealous Hippies"
ru_RU,0,26,avgustlobanov,"2020-05-01 05:34:25","Burghap, Prison of the Jealous Hippies"
ru_RU,0,33,avgustlobanov,"2020-05-18 19:44:32","Burghap, Prison of the Jealous Hippies"
ru_RU,0,36,avgustlobanov,"2020-11-01 00:55:18","Burghap, Prison of the Jealous Hippies"
ru_RU,0,44,avgustlobanov,"2021-08-22 15:12:01","Burghap, Prison of the Jealous Hippies"
ru_RU,0,43,avgustlobanov,"2022-01-06 08:04:17","Burghap, Prison of the Jealous Hippies"
de_DE,0,48,iwan82,"2020-10-22 17:03:23","Burghap, Prison of the Jealous Hippies"
de_DE,0,48,iwan82,"2021-01-02 21:37:48","Burghap, Prison of the Jealous Hippies"
de_DE,0,48,iwan82,"2021-02-12 13:49:04","Burghap, Prison of the Jealous Hippies"
de_DE,0,38,iwan82,"2021-06-26 17:43:28","Burghap, Prison of the Jealous Hippies"
de_DE,0,26,iwan82,"2021-12-09 23:38:40","Burghap, Prison of the Jealous Hippies"
de_DE,0,38,iwan82,"2022-07-02 21:28:03","Burghap, Prison of the Jealous Hippies"
de_DE,0,26,iwan82,"2022-11-25 00:07:07","Burghap, Prison of the Jealous Hippies"
es_ES,0,29,lucila89,"2021-06-15 15:32:13","Burghap, Prison of the Jealous Hippies"
es_ES,0,23,lucila89,"2021-09-26 00:40:24","Burghap, Prison of the Jealous Hippies"
en_US,0,46,taylorbartlett,"2022-10-03 07:17:45","Burghap, Prison of the Jealous Hippies"
en_US,0,5,taylorbartlett,"2022-10-09 21:06:38","Burghap, Prison of the Jealous Hippies"
en_US,0,37,taylorbartlett,"2022-11-08 17:23:28","Burghap, Prison of the Jealous Hippies"
fr_FR,0,5,christophe06,"2022-06-17 06:45:12","Burghap, Prison of the Jealous Hippies"
fr_FR,0,38,christophe06,"2022-06-18 14:39:37","Burghap, Prison of the Jealous Hippies"
fr_FR,0,13,christophe06,"2022-08-11 22:15:20","Burghap, Prison of the Jealous Hippies"
fr_FR,0,23,christophe06,"2022-11-20 20:20:12","Burghap, Prison of the Jealous Hippies"
fr_FR,0,21,christophe06,"2022-11-22 23:32:00","Burghap, Prison of the Jealous Hippies"
fr_FR,0,46,christophe06,"2022-12-18 07:06:58","Burghap, Prison of the Jealous Hippies"
fr_FR,0,44,eliseadam,"2021-11-04 15:18:38","Burghap, Prison of the Jealous Hippies"
fr_FR,0,35,eliseadam,"2021-11-22 02:15:28","Burghap, Prison of the Jealous Hippies"
fr_FR,0,47,eliseadam,"2022-04-10 21:40:07","Burghap, Prison of the Jealous Hippies"
fr_FR,0,39,eliseadam,"2022-06-10 15:07:48","Burghap, Prison of the Jealous Hippies"
fr_FR,0,16,eliseadam,"2022-06-22 15:54:41","Burghap, Prison of the Jealous Hippies"
fr_FR,0,33,eliseadam,"2022-08-17 08:43:20","Burghap, Prison of the Jealous Hippies"
fr_FR,0,39,eliseadam,"2022-09-04 14:47:17","Burghap, Prison of the Jealous Hippies"
fr_FR,0,23,eliseadam,"2022-09-16 02:17:53","Burghap, Prison of the Jealous Hippies"
fr_FR,0,15,eliseadam,"2022-11-17 17:43:25","Burghap, Prison of the Jealous Hippies"
fr_FR,0,27,eliseadam,"2022-11-28 11:13:46","Burghap, Prison of the Jealous Hippies"
fr_FR,0,32,eliseadam,"2022-12-13 17:33:42","Burghap, Prison of the Jealous Hippies"
ru_RU,0,18,guljaevaanastasija,"2018-09-06 21:01:45","Burghap, Prison of the Jealous Hippies"
ru_RU,0,49,guljaevaanastasija,"2018-09-08 08:38:37","Burghap, Prison of the Jealous Hippies"
ru_RU,0,40,guljaevaanastasija,"2018-11-22 12:35:14","Burghap, Prison of the Jealous Hippies"
ru_RU,0,17,guljaevaanastasija,"2019-06-19 18:44:56","Burghap, Prison of the Jealous Hippies"
ru_RU,0,47,guljaevaanastasija,"2019-07-18 00:36:50","Burghap, Prison of the Jealous Hippies"
ru_RU,0,41,guljaevaanastasija,"2020-05-30 02:14:13","Burghap, Prison of the Jealous Hippies"
ru_RU,0,41,guljaevaanastasija,"2020-09-25 22:51:55","Burghap, Prison of the Jealous Hippies"
ru_RU,0,48,guljaevaanastasija,"2021-06-24 21:17:07","Burghap, Prison of the Jealous Hippies"
de_DE,0,33,adelheidsauer,"2020-10-11 07:11:08","Burghap, Prison of the Jealous Hippies"
de_DE,0,44,adelheidsauer,"2021-08-04 20:34:37","Burghap, Prison of the Jealous Hippies"
de_DE,0,5,adelheidsauer,"2021-08-07 05:51:24","Burghap, Prison of the Jealous Hippies"
de_DE,0,40,adelheidsauer,"2022-03-01 09:11:34","Burghap, Prison of the Jealous Hippies"
en_US,0,36,anorris,"2020-08-29 23:45:10","Burghap, Prison of the Jealous Hippies"
en_US,0,18,anorris,"2021-03-18 23:22:07","Burghap, Prison of the Jealous Hippies"
en_US,0,33,anorris,"2021-06-13 19:45:54","Burghap, Prison of the Jealous Hippies"
en_US,0,37,anorris,"2021-06-28 03:42:54","Burghap, Prison of the Jealous Hippies"
en_US,0,33,anorris,"2021-08-23 13:11:55","Burghap, Prison of the Jealous Hippies"
en_US,0,33,anorris,"2022-06-03 21:37:03","Burghap, Prison of the Jealous Hippies"
ru_RU,0,27,feofan94,"2021-11-05 06:32:55","Burghap, Prison of the Jealous Hippies"
ru_RU,0,36,feofan94,"2021-12-28 08:34:08","Burghap, Prison of the Jealous Hippies"
ru_RU,0,48,feofan94,"2022-02-11 17:16:06","Burghap, Prison of the Jealous Hippies"
ru_RU,0,22,feofan94,"2022-07-05 00:32:15","Burghap, Prison of the Jealous Hippies"
ru_RU,0,42,feofan94,"2022-08-05 06:26:47","Burghap, Prison of the Jealous Hippies"
ru_RU,0,41,feofan94,"2022-08-30 19:58:18","Burghap, Prison of the Jealous Hippies"
ru_RU,0,31,feofan94,"2022-11-22 10:14:29","Burghap, Prison of the Jealous Hippies"
ru_RU,0,49,birjukovaeleonora,"2016-07-13 23:01:17","Burghap, Prison of the Jealous Hippies"
ru_RU,0,18,birjukovaeleonora,"2017-06-17 18:06:42","Burghap, Prison of the Jealous Hippies"
ru_RU,0,27,birjukovaeleonora,"2017-12-05 20:37:35","Burghap, Prison of the Jealous Hippies"
ru_RU,0,27,birjukovaeleonora,"2018-02-07 06:24:32","Burghap, Prison of the Jealous Hippies"
ru_RU,0,49,birjukovaeleonora,"2018-02-12 12:40:39","Burghap, Prison of the Jealous Hippies"
ru_RU,0,45,birjukovaeleonora,"2018-09-28 15:12:20","Burghap, Prison of the Jealous Hippies"
ru_RU,0,47,birjukovaeleonora,"2020-10-06 15:01:00","Burghap, Prison of the Jealous Hippies"
ru_RU,0,43,birjukovaeleonora,"2021-05-06 20:32:10","Burghap, Prison of the Jealous Hippies"
ru_RU,0,46,birjukovaeleonora,"2022-12-13 01:23:34","Burghap, Prison of the Jealous Hippies"
ru_RU,0,36,zhdanovantip,"2017-12-22 18:03:49","Burghap, Prison of the Jealous Hippies"
ru_RU,0,48,zhdanovantip,"2018-10-08 22:20:26","Burghap, Prison of the Jealous Hippies"
ru_RU,0,3,zhdanovantip,"2018-10-11 00:50:06","Burghap, Prison of the Jealous Hippies"
ru_RU,0,12,zhdanovantip,"2018-12-12 12:36:16","Burghap, Prison of the Jealous Hippies"
ru_RU,0,9,zhdanovantip,"2019-03-07 09:36:43","Burghap, Prison of the Jealous Hippies"
ru_RU,0,41,zhdanovantip,"2019-12-23 18:50:07","Burghap, Prison of the Jealous Hippies"
ru_RU,0,39,zhdanovantip,"2019-12-29 11:31:02","Burghap, Prison of the Jealous Hippies"
ru_RU,0,36,zhdanovantip,"2020-01-26 09:34:45","Burghap, Prison of the Jealous Hippies"
ru_RU,0,16,zhdanovantip,"2020-05-31 11:59:32","Burghap, Prison of the Jealous Hippies"
ru_RU,0,43,zhdanovantip,"2020-06-13 13:00:54","Burghap, Prison of the Jealous Hippies"
ru_RU,0,40,zhdanovantip,"2021-09-04 08:18:46","Burghap, Prison of the Jealous Hippies"
ru_RU,0,40,zhdanovantip,"2022-07-09 10:58:31","Burghap, Prison of the Jealous Hippies"
ru_RU,0,35,zhdanovantip,"2022-07-23 12:28:01","Burghap, Prison of the Jealous Hippies"
ru_RU,0,16,obragina,"2019-04-15 21:18:24","Burghap, Prison of the Jealous Hippies"
ru_RU,0,30,obragina,"2019-04-15 23:42:43","Burghap, Prison of the Jealous Hippies"
ru_RU,0,36,obragina,"2019-04-26 23:36:05","Burghap, Prison of the Jealous Hippies"
ru_RU,0,23,obragina,"2019-05-26 19:07:13","Burghap, Prison of the Jealous Hippies"
ru_RU,0,28,obragina,"2019-12-03 09:43:24","Burghap, Prison of the Jealous Hippies"
ru_RU,0,49,obragina,"2020-07-03 08:51:41","Burghap, Prison of the Jealous Hippies"
ru_RU,0,25,obragina,"2020-10-14 07:54:01","Burghap, Prison of the Jealous Hippies"
ru_RU,0,38,obragina,"2021-03-13 05:17:09","Burghap, Prison of the Jealous Hippies"
ru_RU,0,38,obragina,"2021-05-05 18:21:18","Burghap, Prison of the Jealous Hippies"
ru_RU,0,5,obragina,"2021-05-13 20:54:39","Burghap, Prison of the Jealous Hippies"
ru_RU,0,42,obragina,"2021-07-07 20:18:52","Burghap, Prison of the Jealous Hippies"
ru_RU,0,25,obragina,"2021-11-23 05:52:59","Burghap, Prison of the Jealous Hippies"
ru_RU,0,22,obragina,"2022-01-31 11:20:09","Burghap, Prison of the Jealous Hippies"
ru_RU,0,10,obragina,"2022-02-23 13:02:01","Burghap, Prison of the Jealous Hippies"
ru_RU,0,13,obragina,"2022-06-17 09:58:30","Burghap, Prison of the Jealous Hippies"
ru_RU,0,45,obragina,"2022-09-10 10:48:06","Burghap, Prison of the Jealous Hippies"
ru_RU,0,47,zvorontsova,"2017-03-13 11:26:59","Burghap, Prison of the Jealous Hippies"
ru_RU,0,47,zvorontsova,"2017-08-01 04:21:27","Burghap, Prison of the Jealous Hippies"
ru_RU,0,0,zvorontsova,"2017-08-12 04:59:33","Burghap, Prison of the Jealous Hippies"
ru_RU,0,36,zvorontsova,"2017-10-28 03:59:59","Burghap, Prison of the Jealous Hippies"
ru_RU,0,47,zvorontsova,"2019-01-12 22:23:40","Burghap, Prison of the Jealous Hippies"
ru_RU,0,28,zvorontsova,"2020-05-10 13:57:56","Burghap, Prison of the Jealous Hippies"
ru_RU,0,4,zvorontsova,"2020-12-12 06:01:55","Burghap, Prison of the Jealous Hippies"
ru_RU,0,45,zvorontsova,"2021-04-02 18:05:54","Burghap, Prison of the Jealous Hippies"
ru_RU,0,41,zvorontsova,"2021-08-09 09:03:26","Burghap, Prison of the Jealous Hippies"
ru_RU,0,47,zvorontsova,"2021-09-17 12:21:06","Burghap, Prison of the Jealous Hippies"
ru_RU,0,45,zvorontsova,"2022-06-18 09:30:32","Burghap, Prison of the Jealous Hippies"
ru_RU,0,25,zvorontsova,"2022-11-29 02:34:01","Burghap, Prison of the Jealous Hippies"
ru_RU,0,42,artemi_2004,"2014-05-27 08:09:01","Burghap, Prison of the Jealous Hippies"
ru_RU,0,23,artemi_2004,"2018-03-14 13:42:25","Burghap, Prison of the Jealous Hippies"
ru_RU,0,33,artemi_2004,"2018-12-10 05:43:00","Burghap, Prison of the Jealous Hippies"
ru_RU,0,32,artemi_2004,"2019-08-01 06:07:53","Burghap, Prison of the Jealous Hippies"
ru_RU,0,40,artemi_2004,"2020-01-03 02:19:37","Burghap, Prison of the Jealous Hippies"
ru_RU,0,48,artemi_2004,"2020-01-04 00:47:18","Burghap, Prison of the Jealous Hippies"
ru_RU,0,32,artemi_2004,"2020-07-23 10:39:24","Burghap, Prison of the Jealous Hippies"
zh_CN,0,7,jingliang,"2018-05-02 14:25:26","Burghap, Prison of the Jealous Hippies"
zh_CN,0,44,jingliang,"2020-02-22 07:19:06","Burghap, Prison of the Jealous Hippies"
zh_CN,0,40,jingliang,"2020-05-31 02:07:05","Burghap, Prison of the Jealous Hippies"
zh_CN,0,6,jingliang,"2020-06-30 23:54:05","Burghap, Prison of the Jealous Hippies"
zh_CN,0,49,jingliang,"2021-01-18 08:28:06","Burghap, Prison of the Jealous Hippies"
zh_CN,0,43,jingliang,"2021-03-26 18:25:05","Burghap, Prison of the Jealous Hippies"
zh_CN,0,49,jingliang,"2021-04-15 22:44:47","Burghap, Prison of the Jealous Hippies"
zh_CN,0,46,jingliang,"2022-11-08 22:50:23","Burghap, Prison of the Jealous Hippies"
zh_CN,0,43,jingliang,"2022-11-11 06:12:14","Burghap, Prison of the Jealous Hippies"
it_IT,0,22,gianpaolotorricelli,"2020-03-28 16:00:43","Burghap, Prison of the Jealous Hippies"
it_IT,0,31,gianpaolotorricelli,"2020-09-12 01:28:32","Burghap, Prison of the Jealous Hippies"
it_IT,0,20,gianpaolotorricelli,"2020-10-17 11:54:52","Burghap, Prison of the Jealous Hippies"
it_IT,0,40,gianpaolotorricelli,"2021-02-26 10:14:52","Burghap, Prison of the Jealous Hippies"
it_IT,0,7,gianpaolotorricelli,"2021-03-27 05:26:10","Burghap, Prison of the Jealous Hippies"
it_IT,0,48,gianpaolotorricelli,"2021-05-14 19:13:44","Burghap, Prison of the Jealous Hippies"
it_IT,0,11,gianpaolotorricelli,"2021-06-06 23:58:06","Burghap, Prison of the Jealous Hippies"
it_IT,0,16,gianpaolotorricelli,"2021-10-17 11:07:01","Burghap, Prison of the Jealous Hippies"
it_IT,0,20,gianpaolotorricelli,"2021-11-06 18:34:57","Burghap, Prison of the Jealous Hippies"
it_IT,0,43,gianpaolotorricelli,"2022-01-16 09:33:40","Burghap, Prison of the Jealous Hippies"
it_IT,0,23,gianpaolotorricelli,"2022-03-11 02:25:44","Burghap, Prison of the Jealous Hippies"
it_IT,0,36,gianpaolotorricelli,"2022-12-14 16:11:31","Burghap, Prison of the Jealous Hippies"
es_ES,0,46,americocorrea,"2021-08-16 11:34:56","Burghap, Prison of the Jealous Hippies"
es_ES,0,49,americocorrea,"2021-09-01 09:26:15","Burghap, Prison of the Jealous Hippies"
es_ES,0,37,americocorrea,"2021-11-05 18:34:18","Burghap, Prison of the Jealous Hippies"
es_ES,0,31,americocorrea,"2022-01-01 16:25:23","Burghap, Prison of the Jealous Hippies"
es_ES,0,43,americocorrea,"2022-04-18 03:23:24","Burghap, Prison of the Jealous Hippies"
es_ES,0,12,americocorrea,"2022-05-27 11:13:43","Burghap, Prison of the Jealous Hippies"
es_ES,0,35,americocorrea,"2022-06-08 22:41:07","Burghap, Prison of the Jealous Hippies"
es_ES,0,48,americocorrea,"2022-08-02 13:23:32","Burghap, Prison of the Jealous Hippies"
es_ES,0,18,americocorrea,"2022-08-04 11:45:16","Burghap, Prison of the Jealous Hippies"
es_ES,0,40,americocorrea,"2022-08-08 18:02:55","Burghap, Prison of the Jealous Hippies"
es_ES,0,37,americocorrea,"2022-09-13 07:44:50","Burghap, Prison of the Jealous Hippies"
es_ES,0,39,hcarreno,"2022-01-21 06:05:48","Burghap, Prison of the Jealous Hippies"
es_ES,0,43,hcarreno,"2022-01-24 20:58:58","Burghap, Prison of the Jealous Hippies"
es_ES,0,30,hcarreno,"2022-04-10 18:29:56","Burghap, Prison of the Jealous Hippies"
es_ES,0,15,hcarreno,"2022-07-24 17:13:58","Burghap, Prison of the Jealous Hippies"
es_ES,0,24,hcarreno,"2022-07-25 02:04:59","Burghap, Prison of the Jealous Hippies"
es_ES,0,32,hcarreno,"2022-08-12 21:06:53","Burghap, Prison of the Jealous Hippies"
es_ES,0,48,hcarreno,"2022-10-16 12:33:30","Burghap, Prison of the Jealous Hippies"
es_ES,0,45,hcarreno,"2022-10-17 03:16:16","Burghap, Prison of the Jealous Hippies"
es_ES,0,39,hcarreno,"2022-11-26 18:48:11","Burghap, Prison of the Jealous Hippies"
es_ES,0,48,hcarreno,"2022-12-22 13:35:33","Burghap, Prison of the Jealous Hippies"
es_ES,0,31,hcarreno,"2022-12-27 00:42:13","Burghap, Prison of the Jealous Hippies"
ja_JP,0,29,yasuhirowatanabe,"2021-04-28 19:02:22","Burghap, Prison of the Jealous Hippies"
ja_JP,0,47,yasuhirowatanabe,"2021-06-23 19:16:32","Burghap, Prison of the Jealous Hippies"
ja_JP,0,32,yasuhirowatanabe,"2021-07-04 01:44:18","Burghap, Prison of the Jealous Hippies"
ja_JP,0,10,yasuhirowatanabe,"2021-08-04 00:22:58","Burghap, Prison of the Jealous Hippies"
ja_JP,0,7,yasuhirowatanabe,"2022-01-01 23:17:52","Burghap, Prison of the Jealous Hippies"
ja_JP,0,24,yasuhirowatanabe,"2022-06-28 11:44:31","Burghap, Prison of the Jealous Hippies"
ja_JP,0,48,yasuhirowatanabe,"2022-12-21 23:08:30","Burghap, Prison of the Jealous Hippies"
ru_RU,0,35,polina83,"2016-02-01 05:26:39","Burghap, Prison of the Jealous Hippies"
ru_RU,0,42,polina83,"2017-03-17 18:19:20","Burghap, Prison of the Jealous Hippies"
ru_RU,0,46,polina83,"2017-05-08 18:16:57","Burghap, Prison of the Jealous Hippies"
ru_RU,0,19,polina83,"2018-02-04 02:37:34","Burghap, Prison of the Jealous Hippies"
ru_RU,0,49,polina83,"2018-03-21 18:55:02","Burghap, Prison of the Jealous Hippies"
ru_RU,0,25,polina83,"2018-09-24 14:58:14","Burghap, Prison of the Jealous Hippies"
ru_RU,0,37,polina83,"2020-11-20 13:46:42","Burghap, Prison of the Jealous Hippies"
ru_RU,0,30,poljakovavalentina,"2022-10-06 06:11:57","Burghap, Prison of the Jealous Hippies"
ru_RU,0,49,poljakovavalentina,"2022-10-06 15:08:27","Burghap, Prison of the Jealous Hippies"
ru_RU,0,18,poljakovavalentina,"2022-10-07 11:16:51","Burghap, Prison of the Jealous Hippies"
ru_RU,0,34,poljakovavalentina,"2022-10-10 06:55:07","Burghap, Prison of the Jealous Hippies"
ru_RU,0,45,poljakovavalentina,"2022-10-10 17:05:11","Burghap, Prison of the Jealous Hippies"
ru_RU,0,20,poljakovavalentina,"2022-10-20 06:50:38","Burghap, Prison of the Jealous Hippies"
ru_RU,0,28,poljakovavalentina,"2022-10-21 19:03:36","Burghap, Prison of the Jealous Hippies"
ru_RU,0,34,poljakovavalentina,"2022-10-24 20:18:45","Burghap, Prison of the Jealous Hippies"
ru_RU,0,39,poljakovavalentina,"2022-10-27 04:26:57","Burghap, Prison of the Jealous Hippies"
ru_RU,0,15,poljakovavalentina,"2022-10-29 04:19:21","Burghap, Prison of the Jealous Hippies"
ru_RU,0,24,poljakovavalentina,"2022-11-14 03:27:46","Burghap, Prison of the Jealous Hippies"
ru_RU,0,36,poljakovavalentina,"2022-11-18 12:19:34","Burghap, Prison of the Jealous Hippies"
ru_RU,0,41,poljakovavalentina,"2022-11-18 14:37:01","Burghap, Prison of the Jealous Hippies"
ru_RU,0,36,poljakovavalentina,"2022-12-01 20:52:35","Burghap, Prison of the Jealous Hippies"
ru_RU,0,38,poljakovavalentina,"2022-12-07 12:36:57","Burghap, Prison of the Jealous Hippies"
ru_RU,0,43,poljakovavalentina,"2022-12-08 17:30:10","Burghap, Prison of the Jealous Hippies"
ru_RU,0,17,poljakovavalentina,"2022-12-09 14:34:01","Burghap, Prison of the Jealous Hippies"
ru_RU,0,25,poljakovavalentina,"2022-12-19 04:02:06","Burghap, Prison of the Jealous Hippies"
ru_RU,0,37,poljakovavalentina,"2022-12-19 23:09:17","Burghap, Prison of the Jealous Hippies"
ru_RU,0,13,firs2018,"2022-10-27 11:35:49","Burghap, Prison of the Jealous Hippies"
ru_RU,0,17,firs2018,"2022-10-28 01:38:45","Burghap, Prison of the Jealous Hippies"
ru_RU,0,13,firs2018,"2022-10-30 05:48:20","Burghap, Prison of the Jealous Hippies"
ru_RU,0,37,firs2018,"2022-10-31 13:37:55","Burghap, Prison of the Jealous Hippies"
ru_RU,0,37,firs2018,"2022-11-01 21:19:54","Burghap, Prison of the Jealous Hippies"
ru_RU,0,35,firs2018,"2022-11-06 14:16:15","Burghap, Prison of the Jealous Hippies"
ru_RU,0,40,firs2018,"2022-11-12 13:37:09","Burghap, Prison of the Jealous Hippies"
ru_RU,0,29,firs2018,"2022-11-13 14:51:52","Burghap, Prison of the Jealous Hippies"
ru_RU,0,11,firs2018,"2022-11-23 15:08:54","Burghap, Prison of the Jealous Hippies"
ru_RU,0,19,firs2018,"2022-11-26 03:19:37","Burghap, Prison of the Jealous Hippies"
ru_RU,0,20,firs2018,"2022-12-03 01:23:11","Burghap, Prison of the Jealous Hippies"
ru_RU,0,39,firs2018,"2022-12-09 12:41:09","Burghap, Prison of the Jealous Hippies"
ru_RU,0,27,firs2018,"2022-12-15 15:29:40","Burghap, Prison of the Jealous Hippies"
ru_RU,0,34,firs2018,"2022-12-19 06:49:31","Burghap, Prison of the Jealous Hippies"
ru_RU,0,39,anzhela2017,"2022-11-28 13:02:20","Burghap, Prison of the Jealous Hippies"
ru_RU,0,40,anzhela2017,"2022-11-29 20:01:55","Burghap, Prison of the Jealous Hippies"
ru_RU,0,10,anzhela2017,"2022-12-08 00:36:15","Burghap, Prison of the Jealous Hippies"
ru_RU,0,36,anzhela2017,"2022-12-09 21:04:26","Burghap, Prison of the Jealous Hippies"
ru_RU,0,22,anzhela2017,"2022-12-16 22:44:42","Burghap, Prison of the Jealous Hippies"
ru_RU,0,20,anzhela2017,"2022-12-17 09:38:13","Burghap, Prison of the Jealous Hippies"
ru_RU,0,46,anzhela2017,"2022-12-19 00:02:46","Burghap, Prison of the Jealous Hippies"
ru_RU,0,31,anzhela2017,"2022-12-26 00:42:05","Burghap, Prison of the Jealous Hippies"
ru_RU,0,4,anzhela2017,"2022-12-26 11:16:46","Burghap, Prison of the Jealous Hippies"
ru_RU,0,39,anzhela2017,"2022-12-26 22:21:56","Burghap, Prison of the Jealous Hippies"
ru_RU,0,32,romanovemeljan,"2015-02-28 22:47:17","Burghap, Prison of the Jealous Hippies"
ru_RU,0,18,romanovemeljan,"2015-04-28 15:11:16","Burghap, Prison of the Jealous Hippies"
ru_RU,0,31,romanovemeljan,"2016-06-02 05:06:10","Burghap, Prison of the Jealous Hippies"
ru_RU,0,44,romanovemeljan,"2016-09-28 02:56:17","Burghap, Prison of the Jealous Hippies"
ru_RU,0,39,romanovemeljan,"2017-10-16 11:55:14","Burghap, Prison of the Jealous Hippies"
ru_RU,0,32,romanovemeljan,"2019-05-01 04:15:42","Burghap, Prison of the Jealous Hippies"
ru_RU,0,42,romanovemeljan,"2020-08-08 07:01:46","Burghap, Prison of the Jealous Hippies"
ru_RU,0,44,romanovemeljan,"2022-05-24 11:50:05","Burghap, Prison of the Jealous Hippies"
ru_RU,0,25,romanovemeljan,"2022-06-14 03:43:00","Burghap, Prison of the Jealous Hippies"
ru_RU,0,46,romanovemeljan,"2022-09-07 14:27:18","Burghap, Prison of the Jealous Hippies"
ru_RU,0,47,evdokimovaija,"2020-10-10 02:19:45","Burghap, Prison of the Jealous Hippies"
ru_RU,0,48,evdokimovaija,"2020-10-28 18:26:07","Burghap, Prison of the Jealous Hippies"
ru_RU,0,40,evdokimovaija,"2020-12-10 18:48:28","Burghap, Prison of the Jealous Hippies"
ru_RU,0,40,evdokimovaija,"2021-03-16 09:17:25","Burghap, Prison of the Jealous Hippies"
ru_RU,0,14,evdokimovaija,"2021-07-02 00:59:06","Burghap, Prison of the Jealous Hippies"
ru_RU,0,47,evdokimovaija,"2021-10-29 20:57:13","Burghap, Prison of the Jealous Hippies"
ru_RU,0,38,evdokimovaija,"2021-11-23 05:09:11","Burghap, Prison of the Jealous Hippies"
ru_RU,0,19,evdokimovaija,"2022-05-07 06:43:11","Burghap, Prison of the Jealous Hippies"
ru_RU,0,44,evdokimovaija,"2022-06-30 16:20:41","Burghap, Prison of the Jealous Hippies"
ru_RU,0,44,evdokimovaija,"2022-09-24 12:17:12","Burghap, Prison of the Jealous Hippies"
ru_RU,0,32,evdokimovaija,"2022-10-02 13:00:40","Burghap, Prison of the Jealous Hippies"
ru_RU,0,44,evdokimovaija,"2022-10-24 09:48:44","Burghap, Prison of the Jealous Hippies"
ru_RU,0,32,gromovaanastasija,"2021-04-16 13:21:23","Burghap, Prison of the Jealous Hippies"
ru_RU,0,38,gromovaanastasija,"2021-10-28 19:08:49","Burghap, Prison of the Jealous Hippies"
ru_RU,0,34,gromovaanastasija,"2022-01-11 22:56:35","Burghap, Prison of the Jealous Hippies"
ru_RU,0,19,gromovaanastasija,"2022-01-29 17:16:50","Burghap, Prison of the Jealous Hippies"
ru_RU,0,36,gromovaanastasija,"2022-08-26 07:29:18","Burghap, Prison of the Jealous Hippies"
ru_RU,0,33,gromovaanastasija,"2022-11-04 21:25:09","Burghap, Prison of the Jealous Hippies"
ru_RU,0,18,gromovaanastasija,"2022-12-04 21:52:02","Burghap, Prison of the Jealous Hippies"
es_ES,0,37,gordilloirene,"2022-02-27 03:29:54","Burghap, Prison of the Jealous Hippies"
es_ES,0,13,gordilloirene,"2022-04-06 09:51:44","Burghap, Prison of the Jealous Hippies"
es_ES,0,4,gordilloirene,"2022-05-24 03:38:21","Burghap, Prison of the Jealous Hippies"
es_ES,0,42,gordilloirene,"2022-06-06 01:40:22","Burghap, Prison of the Jealous Hippies"
es_ES,0,39,gordilloirene,"2022-06-10 02:56:57","Burghap, Prison of the Jealous Hippies"
es_ES,0,30,gordilloirene,"2022-08-02 09:53:46","Burghap, Prison of the Jealous Hippies"
es_ES,0,19,gordilloirene,"2022-09-10 12:28:24","Burghap, Prison of the Jealous Hippies"
es_ES,0,36,gordilloirene,"2022-10-06 18:54:18","Burghap, Prison of the Jealous Hippies"
es_ES,0,49,gordilloirene,"2022-12-14 09:08:26","Burghap, Prison of the Jealous Hippies"
en_US,0,42,michaelmendez,"2016-11-21 19:18:06","Burghap, Prison of the Jealous Hippies"
en_US,0,31,michaelmendez,"2017-03-17 14:13:53","Burghap, Prison of the Jealous Hippies"
en_US,0,48,michaelmendez,"2017-06-01 10:46:05","Burghap, Prison of the Jealous Hippies"
en_US,0,48,michaelmendez,"2017-08-02 02:19:03","Burghap, Prison of the Jealous Hippies"
en_US,0,47,michaelmendez,"2017-09-12 07:32:26","Burghap, Prison of the Jealous Hippies"
en_US,0,44,michaelmendez,"2017-10-09 01:15:35","Burghap, Prison of the Jealous Hippies"
en_US,0,48,michaelmendez,"2018-01-26 01:27:55","Burghap, Prison of the Jealous Hippies"
en_US,0,21,michaelmendez,"2019-07-14 17:02:55","Burghap, Prison of the Jealous Hippies"
en_US,0,5,michaelmendez,"2020-02-04 04:35:09","Burghap, Prison of the Jealous Hippies"
en_US,0,28,michaelmendez,"2022-10-26 12:55:05","Burghap, Prison of the Jealous Hippies"
en_US,0,45,michaelmendez,"2022-12-16 12:40:09","Burghap, Prison of the Jealous Hippies"
pt_BR,0,47,isouza,"2018-09-15 22:28:32","Burghap, Prison of the Jealous Hippies"
pt_BR,0,32,isouza,"2019-02-19 17:43:40","Burghap, Prison of the Jealous Hippies"
pt_BR,0,13,isouza,"2019-06-12 17:29:33","Burghap, Prison of the Jealous Hippies"
pt_BR,0,33,isouza,"2022-01-25 03:22:13","Burghap, Prison of the Jealous Hippies"
pt_BR,0,38,maite15,"2021-12-22 14:42:24","Burghap, Prison of the Jealous Hippies"
pt_BR,0,28,maite15,"2022-08-01 01:01:21","Burghap, Prison of the Jealous Hippies"
pt_BR,0,25,maite15,"2022-10-27 00:45:42","Burghap, Prison of the Jealous Hippies"
pt_BR,0,49,barbosaluiz-miguel,"2021-07-18 09:30:55","Burghap, Prison of the Jealous Hippies"
pt_BR,0,40,barbosaluiz-miguel,"2021-10-23 16:02:41","Burghap, Prison of the Jealous Hippies"
pt_BR,0,23,barbosaluiz-miguel,"2022-01-04 19:29:03","Burghap, Prison of the Jealous Hippies"
pt_BR,0,35,barbosaluiz-miguel,"2022-03-20 22:16:24","Burghap, Prison of the Jealous Hippies"
pt_BR,0,42,barbosaluiz-miguel,"2022-07-06 16:54:21","Burghap, Prison of the Jealous Hippies"
pt_BR,0,36,barbosaluiz-miguel,"2022-09-06 04:12:27","Burghap, Prison of the Jealous Hippies"
pt_BR,0,45,barbosaluiz-miguel,"2022-09-20 16:36:50","Burghap, Prison of the Jealous Hippies"
pt_BR,0,18,barbosaluiz-miguel,"2022-10-08 01:11:27","Burghap, Prison of the Jealous Hippies"
fr_FR,0,42,vboutin,"2022-03-02 02:33:04","Burghap, Prison of the Jealous Hippies"
fr_FR,0,28,vboutin,"2022-03-18 22:39:24","Burghap, Prison of the Jealous Hippies"
fr_FR,0,45,vboutin,"2022-03-23 21:35:40","Burghap, Prison of the Jealous Hippies"
fr_FR,0,35,vboutin,"2022-04-19 13:21:40","Burghap, Prison of the Jealous Hippies"
fr_FR,0,26,vboutin,"2022-04-23 10:22:56","Burghap, Prison of the Jealous Hippies"
fr_FR,0,29,vboutin,"2022-05-07 07:04:18","Burghap, Prison of the Jealous Hippies"
fr_FR,0,37,vboutin,"2022-06-14 15:31:33","Burghap, Prison of the Jealous Hippies"
fr_FR,0,49,vboutin,"2022-06-30 05:15:05","Burghap, Prison of the Jealous Hippies"
fr_FR,0,36,vboutin,"2022-08-16 14:51:59","Burghap, Prison of the Jealous Hippies"
fr_FR,0,45,vboutin,"2022-09-16 23:18:57","Burghap, Prison of the Jealous Hippies"
fr_FR,0,30,vboutin,"2022-11-18 17:05:28","Burghap, Prison of the Jealous Hippies"
fr_FR,0,42,vboutin,"2022-11-28 19:25:33","Burghap, Prison of the Jealous Hippies"
fr_FR,0,33,vboutin,"2022-12-06 11:26:32","Burghap, Prison of the Jealous Hippies"
fr_FR,0,2,coletteblot,"2014-04-11 15:51:55","Burghap, Prison of the Jealous Hippies"
fr_FR,0,22,coletteblot,"2014-07-17 05:54:56","Burghap, Prison of the Jealous Hippies"
fr_FR,0,37,coletteblot,"2015-01-28 13:01:42","Burghap, Prison of the Jealous Hippies"
fr_FR,0,31,coletteblot,"2015-09-11 10:05:29","Burghap, Prison of the Jealous Hippies"
fr_FR,0,36,coletteblot,"2016-01-16 14:49:50","Burghap, Prison of the Jealous Hippies"
fr_FR,0,47,coletteblot,"2016-09-30 12:36:28","Burghap, Prison of the Jealous Hippies"
fr_FR,0,35,coletteblot,"2016-12-17 10:01:49","Burghap, Prison of the Jealous Hippies"
fr_FR,0,46,coletteblot,"2019-02-01 01:33:08","Burghap, Prison of the Jealous Hippies"
fr_FR,0,27,coletteblot,"2019-04-22 06:13:08","Burghap, Prison of the Jealous Hippies"
fr_FR,0,37,coletteblot,"2020-12-11 00:00:44","Burghap, Prison of the Jealous Hippies"
fr_FR,0,36,ptexier,"2021-10-04 05:25:31","Burghap, Prison of the Jealous Hippies"
fr_FR,0,25,ptexier,"2021-11-03 00:47:46","Burghap, Prison of the Jealous Hippies"
fr_FR,0,38,ptexier,"2021-11-14 03:09:31","Burghap, Prison of the Jealous Hippies"
fr_FR,0,49,ptexier,"2022-08-19 21:02:43","Burghap, Prison of the Jealous Hippies"
fr_FR,0,23,ptexier,"2022-10-15 00:05:59","Burghap, Prison of the Jealous Hippies"
fr_FR,0,31,guillaumeguillon,"2022-05-17 01:49:04","Burghap, Prison of the Jealous Hippies"
fr_FR,0,39,guillaumeguillon,"2022-06-26 10:04:35","Burghap, Prison of the Jealous Hippies"
fr_FR,0,1,guillaumeguillon,"2022-07-31 05:02:44","Burghap, Prison of the Jealous Hippies"
fr_FR,0,49,guillaumeguillon,"2022-08-11 00:53:46","Burghap, Prison of the Jealous Hippies"
fr_FR,0,21,guillaumeguillon,"2022-09-29 12:39:07","Burghap, Prison of the Jealous Hippies"
fr_FR,0,31,guillaumeguillon,"2022-10-20 07:43:02","Burghap, Prison of the Jealous Hippies"
fr_FR,0,49,guillaumeguillon,"2022-10-22 16:31:26","Burghap, Prison of the Jealous Hippies"
fr_FR,0,33,ygodard,"2021-04-18 15:03:10","Burghap, Prison of the Jealous Hippies"
fr_FR,0,38,ygodard,"2021-05-17 22:03:29","Burghap, Prison of the Jealous Hippies"
fr_FR,0,36,ygodard,"2021-06-11 12:30:37","Burghap, Prison of the Jealous Hippies"
fr_FR,0,32,ygodard,"2021-06-14 16:24:26","Burghap, Prison of the Jealous Hippies"
fr_FR,0,20,ygodard,"2021-08-18 00:43:35","Burghap, Prison of the Jealous Hippies"
fr_FR,0,49,ygodard,"2021-11-27 18:01:31","Burghap, Prison of the Jealous Hippies"
fr_FR,0,49,ygodard,"2022-08-15 13:32:21","Burghap, Prison of the Jealous Hippies"
ko_KR,0,47,seonghyeongim,"2014-01-02 13:07:20","Burghap, Prison of the Jealous Hippies"
ko_KR,0,25,seonghyeongim,"2014-11-21 09:49:07","Burghap, Prison of the Jealous Hippies"
ko_KR,0,37,seonghyeongim,"2015-03-12 18:45:12","Burghap, Prison of the Jealous Hippies"
ko_KR,0,23,seonghyeongim,"2016-08-28 08:48:55","Burghap, Prison of the Jealous Hippies"
ko_KR,0,33,seonghyeongim,"2016-08-29 10:57:53","Burghap, Prison of the Jealous Hippies"
ko_KR,0,42,seonghyeongim,"2017-07-27 21:11:13","Burghap, Prison of the Jealous Hippies"
ko_KR,0,28,seonghyeongim,"2020-01-09 11:12:49","Burghap, Prison of the Jealous Hippies"
ko_KR,0,22,seonghyeongim,"2022-01-04 07:41:21","Burghap, Prison of the Jealous Hippies"
ko_KR,0,22,seonghyeongim,"2022-10-17 14:49:33","Burghap, Prison of the Jealous Hippies"
ko_KR,0,16,gyeongsu69,"2019-10-31 15:58:21","Burghap, Prison of the Jealous Hippies"
ko_KR,0,9,gyeongsu69,"2020-08-12 19:39:51","Burghap, Prison of the Jealous Hippies"
ko_KR,0,47,gyeongsu69,"2021-03-05 12:25:56","Burghap, Prison of the Jealous Hippies"
ko_KR,0,43,gyeongsu69,"2021-03-20 07:52:51","Burghap, Prison of the Jealous Hippies"
ko_KR,0,33,gyeongsu69,"2022-04-23 19:32:16","Burghap, Prison of the Jealous Hippies"
fr_FR,0,40,xavierlopez,"2019-12-21 13:40:17","Burghap, Prison of the Jealous Hippies"
fr_FR,0,40,xavierlopez,"2020-01-05 23:46:11","Burghap, Prison of the Jealous Hippies"
fr_FR,0,28,xavierlopez,"2020-06-28 11:59:16","Burghap, Prison of the Jealous Hippies"
fr_FR,0,32,xavierlopez,"2020-12-26 02:34:32","Burghap, Prison of the Jealous Hippies"
fr_FR,0,19,xavierlopez,"2021-06-06 21:06:10","Burghap, Prison of the Jealous Hippies"
fr_FR,0,20,xavierlopez,"2021-07-24 15:59:58","Burghap, Prison of the Jealous Hippies"
fr_FR,0,20,xavierlopez,"2021-12-18 23:08:42","Burghap, Prison of the Jealous Hippies"
fr_FR,0,46,xavierlopez,"2022-02-10 22:35:39","Burghap, Prison of the Jealous Hippies"
fr_FR,0,46,xavierlopez,"2022-03-16 05:54:05","Burghap, Prison of the Jealous Hippies"
fr_FR,0,13,xavierlopez,"2022-08-21 00:36:07","Burghap, Prison of the Jealous Hippies"
fr_FR,0,37,xavierlopez,"2022-10-27 08:10:26","Burghap, Prison of the Jealous Hippies"
fr_FR,0,26,xavierlopez,"2022-12-25 06:05:28","Burghap, Prison of the Jealous Hippies"
de_DE,0,17,bebert,"2013-12-16 16:51:20","Burghap, Prison of the Jealous Hippies"
de_DE,0,34,bebert,"2015-04-21 17:34:57","Burghap, Prison of the Jealous Hippies"
de_DE,0,39,bebert,"2016-07-09 14:28:35","Burghap, Prison of the Jealous Hippies"
de_DE,0,24,bebert,"2018-03-25 14:13:22","Burghap, Prison of the Jealous Hippies"
de_DE,0,37,bebert,"2018-08-16 03:16:43","Burghap, Prison of the Jealous Hippies"
de_DE,0,15,bebert,"2019-05-16 12:11:17","Burghap, Prison of the Jealous Hippies"
de_DE,0,39,bebert,"2021-05-06 21:33:53","Burghap, Prison of the Jealous Hippies"
de_DE,0,41,bebert,"2021-05-26 04:07:59","Burghap, Prison of the Jealous Hippies"
de_DE,0,17,bebert,"2022-12-23 11:15:01","Burghap, Prison of the Jealous Hippies"
it_IT,0,44,mastroianniantonella,"2021-01-02 07:22:54","Burghap, Prison of the Jealous Hippies"
it_IT,0,7,mastroianniantonella,"2021-01-08 20:58:55","Burghap, Prison of the Jealous Hippies"
it_IT,0,21,mastroianniantonella,"2022-04-15 09:27:06","Burghap, Prison of the Jealous Hippies"
it_IT,0,43,mastroianniantonella,"2022-05-07 08:43:57","Burghap, Prison of the Jealous Hippies"
it_IT,0,30,mastroianniantonella,"2022-10-17 16:20:40","Burghap, Prison of the Jealous Hippies"
zh_TW,0,34,hgong,"2021-04-23 20:01:58","Burghap, Prison of the Jealous Hippies"
zh_TW,0,35,hgong,"2021-05-08 04:53:08","Burghap, Prison of the Jealous Hippies"
zh_TW,0,4,hgong,"2021-09-17 21:20:35","Burghap, Prison of the Jealous Hippies"
zh_TW,0,49,hgong,"2021-10-14 01:28:11","Burghap, Prison of the Jealous Hippies"
zh_TW,0,48,hgong,"2021-11-10 05:07:51","Burghap, Prison of the Jealous Hippies"
zh_TW,0,44,hgong,"2022-03-09 00:51:24","Burghap, Prison of the Jealous Hippies"
zh_TW,0,24,hgong,"2022-12-27 08:03:40","Burghap, Prison of the Jealous Hippies"
de_DE,0,35,gretl38,"2011-01-12 01:57:52","Burghap, Prison of the Jealous Hippies"
de_DE,0,10,gretl38,"2012-04-26 00:27:50","Burghap, Prison of the Jealous Hippies"
de_DE,0,44,gretl38,"2013-10-26 13:18:44","Burghap, Prison of the Jealous Hippies"
de_DE,0,17,gretl38,"2014-04-30 23:13:20","Burghap, Prison of the Jealous Hippies"
de_DE,0,43,gretl38,"2014-07-19 11:11:59","Burghap, Prison of the Jealous Hippies"
de_DE,0,45,gretl38,"2015-09-16 23:43:44","Burghap, Prison of the Jealous Hippies"
de_DE,0,23,gretl38,"2016-03-20 01:17:49","Burghap, Prison of the Jealous Hippies"
de_DE,0,31,gretl38,"2016-04-28 07:34:04","Burghap, Prison of the Jealous Hippies"
de_DE,0,46,gretl38,"2017-04-27 23:01:44","Burghap, Prison of the Jealous Hippies"
de_DE,0,41,gretl38,"2017-12-28 00:12:28","Burghap, Prison of the Jealous Hippies"
de_DE,0,25,gretl38,"2019-07-04 03:06:25","Burghap, Prison of the Jealous Hippies"
de_DE,0,40,gretl38,"2022-04-16 19:45:38","Burghap, Prison of the Jealous Hippies"
de_DE,0,37,gretl38,"2022-10-18 18:50:12","Burghap, Prison of the Jealous Hippies"
