idE,userName,email,country,n_kills
0,trommleremilie,kabuskarin@example.net,de_DE,7
0,valentine36,clemens87@example.com,de_DE,3
0,pbriemer,zeynep11@example.com,de_DE,7
0,karl-heinz07,viktoria64@example.net,de_DE,8
0,kabusraphaela,ekrebs@example.net,de_DE,6
0,steven93,tony10@example.com,de_DE,4
0,xtaesche,reichmanndoerte@example.org,de_DE,5
0,ahmed19,monique50@example.net,de_DE,9
0,harm67,klotzmagdalena@example.net,de_DE,7
0,jobstwinkler,tklemm@example.com,de_DE,5
0,ellahaering,danuta63@example.com,de_DE,5
0,dorota07,mahmoudgude@example.net,de_DE,6
0,natalija00,scholtzanatolij@example.com,de_DE,14
0,schinkelouis,rustbetty@example.com,de_DE,6
0,rcaspar,staudemahmut@example.com,de_DE,8
0,cheinz,jkohl@example.net,de_DE,8
0,rabea34,danielegude@example.org,de_DE,7
0,mary05,renate66@example.net,de_DE,4
0,anne-rose27,timodavids@example.org,de_DE,7
0,luigihoerle,weimeradolf@example.net,de_DE,8
0,wolfhardtextor,kabusfatma@example.com,de_DE,8
0,eanders,pascalfliegner@example.com,de_DE,6
0,rosmariehenck,imisicher@example.org,de_DE,8
0,mariusbeier,burkardbiggen@example.net,de_DE,11
0,heidrichothmar,dunjarogge@example.com,de_DE,7
0,phornig,marioharloff@example.org,de_DE,8
0,berendzimmer,patzler@example.net,de_DE,7
0,rgeisler,aytenkade@example.org,de_DE,10
0,nataschajunitz,mirja48@example.net,de_DE,9
0,qlachmann,hamanngundi@example.org,de_DE,8
0,elise61,siglinde23@example.com,de_DE,9
0,adlertony,ludwigkrause@example.net,de_DE,9
0,dspiess,pgeissler@example.com,de_DE,4
0,klappanatolij,danielelange@example.org,de_DE,6
0,qbaum,huldabarth@example.org,de_DE,6
0,alexandrabohlander,bernadettegutknecht@example.org,de_DE,10
0,tkensy,ysager@example.net,de_DE,7
0,sjopich,soedingeugenie@example.com,de_DE,11
0,kroht,nadja69@example.org,de_DE,7
0,hoerlegertraud,heinjorge@example.com,de_DE,11
0,zaenkerklaus-d,paertzeltmara@example.org,de_DE,11
0,ludmillastroh,paffrathlidwina@example.com,de_DE,11
0,anita92,sagermiodrag@example.net,de_DE,8
0,lsoelzer,maxjopich@example.org,de_DE,4
0,vmosemann,hans-herbert90@example.org,de_DE,9
0,raymondhettner,textorherbert@example.net,de_DE,7
0,vvollbrecht,anni76@example.net,de_DE,6
0,thedajaentsch,ismetkraushaar@example.org,de_DE,9
0,kargeelsa,schlosserfelicia@example.com,de_DE,5
0,kuno26,anatolhethur@example.com,de_DE,6
0,hstriebitz,ehlertkonstantinos@example.org,de_DE,5
0,mneuschaefer,eileen77@example.com,de_DE,6
0,stumpfmarina,pohleugenie@example.org,de_DE,5
0,melitta88,nstiebitz@example.org,de_DE,8
0,aneta96,frankeelli@example.org,de_DE,5
0,hhoefig,nergerreinhard@example.org,de_DE,6
0,trohleder,hethurelena@example.org,de_DE,5
0,bgeisel,fschenk@example.com,de_DE,4
0,fseifert,hans-christianatzler@example.net,de_DE,11
0,hoerlemark,josereuter@example.net,de_DE,10
0,vituslange,marko68@example.com,de_DE,8
0,nuri73,wulfhelmtrud@example.com,de_DE,8
0,iwan82,adrianesorgatz@example.net,de_DE,5
0,jheinrich,luciathies@example.com,de_DE,2
0,renneranni,geschesontag@example.com,de_DE,8
0,nicolairudolph,killeremanuel@example.org,de_DE,6
0,damarisbluemel,chering@example.com,de_DE,9
0,drubinandree,inna12@example.com,de_DE,5
0,rohtloni,umude@example.com,de_DE,6
0,herrmann73,nkoester@example.org,de_DE,12
0,irmtrudschmidt,paertzeltwilliam@example.com,de_DE,12
0,schmidtkejurij,mschlosser@example.net,de_DE,13
0,gerlachleon,alberto23@example.org,de_DE,6
0,muzafferheintze,ofoerster@example.org,de_DE,11
0,preissrudolf,stiffelfreia@example.net,de_DE,14
0,hellmuth49,isabella48@example.net,de_DE,4
0,andrei90,weisshorst-guenter@example.org,de_DE,7
0,mtroest,doerte12@example.org,de_DE,7
0,cemal31,guenther97@example.com,de_DE,7
0,wniemeier,laura63@example.org,de_DE,6
0,meyerpeer,rjaekel@example.net,de_DE,5
0,eklapp,eggert61@example.net,de_DE,11
0,ggutknecht,hans-karljaentsch@example.com,de_DE,8
0,wjaekel,belindaroehrdanz@example.org,de_DE,10
0,karznuran,uroskoth@example.org,de_DE,14
0,wenckefaust,lorcherkan@example.net,de_DE,10
0,gertrauderose,ymisicher@example.net,de_DE,3
0,krista15,krystyna14@example.net,de_DE,7
0,gkarge,antonio93@example.org,de_DE,8
0,dtlustek,kochkaty@example.net,de_DE,5
0,rosita02,gitte77@example.net,de_DE,5
0,yusufkrause,rkitzmann@example.org,de_DE,9
0,gmueller,werneckemahmoud@example.org,de_DE,10
0,mijogeissler,raedelinken@example.net,de_DE,7
0,ruppertdesiree,spiesshatice@example.net,de_DE,7
0,petragunpf,ditschlerinmirella@example.net,de_DE,5
0,milenaweihmann,orhanritter@example.com,de_DE,4
0,pergandepascal,lukajockel@example.net,de_DE,7
0,arno31,raphaelhaering@example.com,de_DE,10
0,toralfmans,hgertz@example.net,de_DE,7
0,dietlindepeukert,udussen-van@example.net,de_DE,8
0,wilmstamara,pschweitzer@example.net,de_DE,8
0,leonieauch-schlauchin,stollkuno@example.net,de_DE,5
0,juliane77,maike68@example.org,de_DE,8
0,oestrovskyregina,natascha46@example.org,de_DE,6
0,agatha28,rudolphjunk@example.org,de_DE,6
0,mandy43,hbender@example.org,de_DE,8
0,schaefergiovanni,sieringstefan@example.org,de_DE,7
0,anna-lena44,piamatthaei@example.net,de_DE,12
0,jakob57,niels05@example.org,de_DE,4
0,uatzler,wenzelloeffler@example.org,de_DE,5
0,mesutzobel,lcaspar@example.com,de_DE,10
0,neuschaeferjulius,mosemannlothar@example.net,de_DE,6
0,tlindau,rotraudjopich@example.net,de_DE,9
0,ingelore88,gregordoerr@example.com,de_DE,8
0,swetlanarogge,annedore57@example.net,de_DE,7
0,hildakuehnert,darius90@example.com,de_DE,8
0,engin56,cschulz@example.com,de_DE,4
0,salzsilja,eherrmann@example.org,de_DE,10
0,dschleich,sibillechristoph@example.com,de_DE,4
0,renaschenk,etzoldnathalie@example.org,de_DE,11
0,norbertwagner,qroemer@example.org,de_DE,4
0,albertosuessebier,hans-heinrich04@example.com,de_DE,6
0,salvatore05,butteladislaus@example.org,de_DE,2
0,zschleich,scholtzcilly@example.org,de_DE,5
0,schmidtkeben,bernd-dieter01@example.com,de_DE,8
0,latzler,ddoerr@example.net,de_DE,3
0,mwilms,grein-grothzehra@example.org,de_DE,6
0,johannpaul-heinz,djaekel@example.net,de_DE,6
0,franziska04,hartunghans-peter@example.org,de_DE,9
0,bluemelgordon,okoch@example.com,de_DE,6
0,ygotthard,blochgerolf@example.com,de_DE,9
0,msager,fbruder@example.org,de_DE,7
0,cindy52,janinaschomber@example.com,de_DE,7
0,rosapaertzelt,eseip@example.com,de_DE,9
0,drohleder,kochjonathan@example.net,de_DE,10
0,rouven20,esoelzer@example.net,de_DE,12
0,henkludmilla,ingolfhertrampf@example.org,de_DE,8
0,cosimo30,heinoschoenland@example.org,de_DE,5
0,ameister,burkardloechel@example.com,de_DE,6
0,miodragatzler,dietrich47@example.com,de_DE,12
0,textorhans-uwe,scholzluise@example.org,de_DE,13
0,eva11,czirme@example.org,de_DE,9
0,lruppert,pero65@example.org,de_DE,6
0,matthaeikarina,baererirene@example.com,de_DE,7
0,waltrautplath,tbolnbach@example.org,de_DE,8
0,artur81,gerolf39@example.com,de_DE,8
0,gaby37,vincent61@example.com,de_DE,6
0,nielstrommler,nhermighausen@example.net,de_DE,2
0,nada97,h-dieterhartmann@example.net,de_DE,10
0,miriam17,traudel38@example.org,de_DE,6
0,michelleullmann,alexandrosadolph@example.org,de_DE,8
0,tklingelhoefer,gutknechtdiane@example.net,de_DE,9
0,fwesack,ortmannruediger@example.org,de_DE,7
0,writter,conradikreszentia@example.com,de_DE,9
0,aeberhardt,dietmar35@example.org,de_DE,7
0,lwagner,valentina12@example.com,de_DE,6
0,evelyne01,hweinhage@example.net,de_DE,10
0,olivia71,magdalenekambs@example.com,de_DE,10
0,lieselotte64,gjopich@example.com,de_DE,8
0,davidswaltraut,urselputz@example.com,de_DE,7
0,broerricht,dklemm@example.net,de_DE,9
0,ira97,hholt@example.net,de_DE,8
0,ghofmann,anka40@example.net,de_DE,4
0,hans-joerg17,burkhardtkohl@example.net,de_DE,10
0,akrause,killercosima@example.com,de_DE,8
0,valeria64,fadimemeister@example.org,de_DE,12
0,gloriaklemm,wbolander@example.com,de_DE,7
0,charles05,tboucsein@example.net,de_DE,10
0,adelheidsauer,aetzold@example.net,de_DE,8
0,preissdiana,henckslavko@example.org,de_DE,12
0,hans-eberhard18,albinasoelzer@example.net,de_DE,5
0,ackermanndirk,theodorazaenker@example.com,de_DE,6
0,ukuhl,pkreusel@example.org,de_DE,6
0,siegbertluebs,vlindau@example.net,de_DE,8
0,dietlind72,maelzeranna@example.net,de_DE,8
0,zdravko34,pero13@example.net,de_DE,14
0,naserbirgit,edwin31@example.net,de_DE,11
0,jozefgude,peukertjolanda@example.com,de_DE,4
0,aloos,eklapp@example.com,de_DE,9
0,hessnatascha,mirellaroemer@example.org,de_DE,4
0,annedore49,birnbaumfelicia@example.com,de_DE,6
0,dholzapfel,folker23@example.org,de_DE,8
0,schenkbranko,zhahn@example.org,de_DE,7
0,scheibetheresa,luisa02@example.org,de_DE,7
0,gudemuharrem,manuel23@example.com,de_DE,8
0,stumpfmarcus,vitoschleich@example.net,de_DE,8
0,claudio09,waltrud72@example.com,de_DE,5
0,aleksandraputz,onerger@example.org,de_DE,9
0,izorbach,urogner@example.net,de_DE,7
0,dana67,trudelhartung@example.com,de_DE,3
0,mareile49,lpeukert@example.org,de_DE,11
0,sabineschlosser,antonioskroker@example.org,de_DE,8
0,rgiess,filizernst@example.org,de_DE,3
0,atzlerklaus-guenter,zbigniewotto@example.com,de_DE,8
0,baerergebhard,vdietz@example.com,de_DE,6
0,janahethur,jan60@example.com,de_DE,11
0,michaelebarkholz,seifertklaus-peter@example.net,de_DE,6
0,qwilmsen,vlehmann@example.net,de_DE,11
0,huldaradisch,ekrem43@example.org,de_DE,10
0,hans-josef61,heidiwerner@example.org,de_DE,9
0,charlottejunken,adietz@example.org,de_DE,7
0,heseralbert,jtrupp@example.com,de_DE,12
0,karl-ludwig44,suzanne59@example.com,de_DE,10
0,noackkarl-werner,hoffmanndimitri@example.org,de_DE,4
0,chantal37,helmuthdavids@example.net,de_DE,8
0,krosemann,steyradmila@example.com,de_DE,10
0,arnulfgiess,mircoschlosser@example.net,de_DE,7
0,ana16,vlange@example.org,de_DE,6
0,mircoherrmann,xeberth@example.org,de_DE,5
0,florentinehermann,antonina12@example.com,de_DE,4
0,hennysoeding,mosemannfreddy@example.org,de_DE,7
0,nbluemel,sigmundmoechlichen@example.net,de_DE,4
0,nancyritter,bolanderhorst-guenter@example.org,de_DE,12
0,rognermargita,heinkristina@example.org,de_DE,6
0,istvanernst,ljubica07@example.com,de_DE,5
0,ulrike32,zrudolph@example.com,de_DE,7
0,kscholz,ewieloch@example.org,de_DE,6
0,junckenhans-gerd,oda96@example.com,de_DE,6
0,orosemann,eschenk@example.net,de_DE,3
0,heinz-peter02,carolinebenthin@example.net,de_DE,3
0,nlangern,carlo05@example.org,de_DE,5
0,niklasdoerr,luigibarkholz@example.com,de_DE,6
0,geislertadeusz,kitzmannhenny@example.org,de_DE,6
0,rainer58,paoloschleich@example.org,de_DE,9
0,fredikuehnert,boucseinburkhardt@example.org,de_DE,6
0,therese43,zbarkholz@example.com,de_DE,3
0,ulrikegiess,lissy64@example.net,de_DE,6
0,abdul92,qloeffler@example.org,de_DE,4
0,vhahn,ascholl@example.net,de_DE,7
0,magdalena94,koesterfranz-josef@example.net,de_DE,6
0,rosenowreimar,gnatzmirella@example.org,de_DE,6
0,trommlersabrina,gordonweinhage@example.org,de_DE,8
0,jsegebahn,schachtconny@example.com,de_DE,7
0,matthiasmueller,reimund48@example.net,de_DE,12
0,npohl,silvia02@example.org,de_DE,10
0,guenter47,floraschmidtke@example.org,de_DE,11
0,katyoderwald,hartmuthgnatz@example.org,de_DE,5
0,adelbert24,gueltengorlitz@example.net,de_DE,5
0,melita35,margrafmartin@example.net,de_DE,7
0,ohenk,hans-adolf13@example.com,de_DE,9
0,henni17,anja11@example.org,de_DE,9
0,dtrommler,sklemt@example.com,de_DE,6
0,ingbert10,eckhardtschmidtke@example.com,de_DE,8
0,hansjoerg34,jheidrich@example.com,de_DE,4
0,fredhoelzenbecher,krzysztofbolnbach@example.com,de_DE,5
0,sieringkarl-hermann,kkiller@example.net,de_DE,7
0,sbeyer,ernahettner@example.org,de_DE,7
0,xhamann,pmuelichen@example.com,de_DE,6
0,hans-dietrich78,norman39@example.org,de_DE,6
0,cseidel,shermann@example.net,de_DE,9
0,evelyn61,slavkogeisler@example.org,de_DE,4
0,thanelernst-dieter,zbigniew56@example.com,de_DE,4
0,anne-katrin64,rvan-der-dussen@example.com,de_DE,8
0,anne-marie26,noackivo@example.org,de_DE,5
0,qfinke,renimans@example.net,de_DE,10
0,soerentrapp,anderscarina@example.org,de_DE,7
0,hartmanngloria,xullrich@example.org,de_DE,19
0,hedy80,geertkoch-ii@example.net,de_DE,11
0,ajaehn,utschentscher@example.org,de_DE,9
0,heinz-guenthergraf,plathharold@example.org,de_DE,5
0,wbohnbach,henning54@example.net,de_DE,6
0,oderwaldgabriella,roehrichtpaulina@example.org,de_DE,14
0,qnette,xlindner@example.net,de_DE,5
0,halina88,veroniqueroskoth@example.com,de_DE,1
0,irmelagierschner,langernbertram@example.com,de_DE,7
0,vassilios43,ekaterina67@example.net,de_DE,8
0,gheintze,etta98@example.com,de_DE,3
0,kerstin49,sorgatzreinhardt@example.net,de_DE,9
0,oestrovskyeberhard,steysiegrid@example.org,de_DE,5
0,zfritsch,marleentrubin@example.net,de_DE,6
0,birte43,gerlindekoehler@example.com,de_DE,8
0,friedowirth,vittoriocichorius@example.net,de_DE,11
0,wilmsensabina,metzmarleen@example.org,de_DE,5
0,cruppersberger,albanwieloch@example.com,de_DE,7
0,gnatzwerner,wmentzel@example.org,de_DE,6
0,ldussen-van,ihermighausen@example.net,de_DE,7
0,pkoester,aribert68@example.org,de_DE,6
0,ibrahim26,guentherhauffer@example.net,de_DE,10
0,christineschuster,siegrid50@example.com,de_DE,9
0,nstaude,chein@example.net,de_DE,5
0,sfreudenberger,rdietz@example.org,de_DE,9
0,gilbertgehringer,karl-heinz89@example.net,de_DE,10
0,fgutknecht,knut23@example.org,de_DE,7
0,oritter,jessellisette@example.net,de_DE,4
0,xkeudel,stollwolfgang@example.com,de_DE,7
0,roderichhellwig,katharinakarge@example.net,de_DE,6
0,nancy17,evelinloechel@example.com,de_DE,9
0,henckgunhild,maike73@example.org,de_DE,5
0,mfinke,osman64@example.org,de_DE,2
0,alida19,ole46@example.org,de_DE,11
0,werneckenatalie,burkardmueller@example.com,de_DE,9
0,mirkoziegert,pfechner@example.com,de_DE,11
0,bianka68,mitschkemathilde@example.org,de_DE,6
0,lilija47,keudelheinrich@example.com,de_DE,7
0,wschmiedt,gottholdbender@example.com,de_DE,5
0,geisslermario,freudenbergerortrud@example.net,de_DE,9
0,joachim17,sandyhuebel@example.net,de_DE,6
0,konradaustermuehle,eladeck@example.com,de_DE,5
0,zbolzmann,jeanetteschuster@example.com,de_DE,5
0,elsajunk,hans-martinkarge@example.org,de_DE,10
0,pscheel,stephanie78@example.org,de_DE,9
0,rustelfie,weinholdromuald@example.org,de_DE,5
0,sfechner,frida93@example.net,de_DE,11
0,cgerlach,qmoechlichen@example.net,de_DE,8
0,bruderlilly,sabinaschuster@example.com,de_DE,6
0,gdietz,kbeer@example.net,de_DE,6
0,useidel,sigrun32@example.net,de_DE,8
0,curtgerlach,johannerose@example.org,de_DE,9
0,aheinrich,victor70@example.org,de_DE,7
0,heydrichjane,horst-dieterstriebitz@example.org,de_DE,7
0,wagneralex,johanna83@example.org,de_DE,11
0,ubolnbach,hermann15@example.net,de_DE,12
0,waehnergiovanni,elvira79@example.com,de_DE,6
0,hans-joerg81,bernhardgroettner@example.com,de_DE,5
0,heinz-dieter11,salvatore79@example.org,de_DE,6
0,wjungfer,geerthoelzenbecher@example.com,de_DE,8
0,concettahuhn,oda71@example.net,de_DE,5
0,qmude,constantin88@example.org,de_DE,9
0,sylvanaebert,rainer69@example.net,de_DE,7
0,zorbachleokadia,fischeringeborg@example.org,de_DE,6
0,bernadette71,kargekaspar@example.com,de_DE,8
0,hansjoachim60,adolphkay-uwe@example.org,de_DE,6
0,egorlitz,koesterantoinette@example.org,de_DE,13
0,seipdorothee,claudiokostolzin@example.net,de_DE,3
0,sroskoth,cillihenk@example.org,de_DE,8
0,rdrub,wroehrdanz@example.org,de_DE,4
0,wzaenker,thoralf62@example.org,de_DE,3
0,walentinakraushaar,cindyditschlerin@example.net,de_DE,7
0,krausehiltrud,leonore12@example.com,de_DE,5
0,renato42,ndobes@example.org,de_DE,7
0,janussuessebier,marittachristoph@example.org,de_DE,8
0,freyabenthin,riehlandrey@example.org,de_DE,7
0,pbeckmann,fhethur@example.com,de_DE,5
0,ywiek,alexandros89@example.org,de_DE,10
0,vogtdagobert,wstumpf@example.org,de_DE,11
0,nikolai74,matthaeus99@example.com,de_DE,11
0,erdal10,estey@example.com,de_DE,8
0,wolfgang63,jesselcamilla@example.com,de_DE,9
0,erkan48,jweiss@example.org,de_DE,7
0,otto36,heidi32@example.org,de_DE,10
0,mikhail54,biggensina@example.net,de_DE,7
0,gmueller,bseip@example.net,de_DE,5
0,sibelbolzmann,silke57@example.org,de_DE,10
0,roseerna,edeltraut53@example.net,de_DE,5
0,gruppersberger,sgutknecht@example.org,de_DE,9
0,zweitzel,hasanehlert@example.net,de_DE,6
0,goderwald,gretel03@example.org,de_DE,9
0,clarissaetzler,ekaterinastiffel@example.com,de_DE,2
0,ubuchholz,mkaester@example.com,de_DE,3
0,tlustekcosima,susanna57@example.com,de_DE,11
0,eschweitzer,margittadippel@example.com,de_DE,6
0,roemerklaus-guenter,franjostumpf@example.com,de_DE,8
0,ogorlitz,buttebaldur@example.org,de_DE,8
0,moderwald,raphael16@example.net,de_DE,5
0,janin97,nikolaos32@example.com,de_DE,11
0,fritschljudmila,detlev23@example.org,de_DE,4
0,smatthaei,hildabohnbach@example.com,de_DE,6
0,rosita93,qscholtz@example.org,de_DE,9
0,heike60,samuel84@example.com,de_DE,9
0,mareile79,franciswerner@example.com,de_DE,9
0,hkitzmann,naserhelmtrud@example.com,de_DE,11
0,kdrewes,selmarohleder@example.org,de_DE,6
0,erogner,cbeyer@example.net,de_DE,6
0,dolores30,saumann@example.net,de_DE,4
0,eckart56,utrueb@example.com,de_DE,4
0,slavko38,rolf-peter74@example.org,de_DE,8
0,deborahmargraf,paul-heinzzahn@example.org,de_DE,7
0,andre56,annelie48@example.net,de_DE,5
0,heinz78,uaumann@example.com,de_DE,8
0,recepdavids,knappepaul@example.net,de_DE,7
0,okeudel,adalbertdehmel@example.com,de_DE,7
0,annegretbecker,paul78@example.org,de_DE,4
0,grudolph,poelitzchristopher@example.net,de_DE,6
0,erwinlange,wullrich@example.org,de_DE,8
0,schmiedtpetar,scheuermannvirginia@example.net,de_DE,7
0,marie-theresesaeuberlich,mschacht@example.com,de_DE,13
0,guelten13,bbluemel@example.net,de_DE,4
0,zobelguenther,gschoenland@example.com,de_DE,8
0,hans-georg62,wheser@example.net,de_DE,9
0,arzunoack,bseifert@example.org,de_DE,5
0,nicolasstadelmann,gehringerbastian@example.net,de_DE,7
0,vbarkholz,spaertzelt@example.com,de_DE,4
0,hueseyinnerger,alwin53@example.org,de_DE,8
0,adeline79,deliazaenker@example.org,de_DE,3
0,bernhardmangold,silvesterconradi@example.net,de_DE,15
0,yaseminschleich,hwalter@example.com,de_DE,6
0,anneliesedoehn,fischerhansjoerg@example.net,de_DE,6
0,wnohlmans,eckhart24@example.net,de_DE,10
0,karl-heinz90,evangelia20@example.org,de_DE,7
0,jgute,fadimeschweitzer@example.net,de_DE,6
0,hannchen71,danielakarz@example.com,de_DE,6
0,emitschke,kreuseltatiana@example.net,de_DE,7
0,schmiedeckerose,neuschaefergabriela@example.org,de_DE,6
0,hessklaus-ulrich,jaekelricardo@example.org,de_DE,3
0,oauch-schlauchin,dstadelmann@example.org,de_DE,7
0,sontageva-marie,wgerlach@example.net,de_DE,8
0,wiltrud56,yilmazhellwig@example.org,de_DE,4
0,lloechel,zirmealeksander@example.com,de_DE,9
0,giesela10,eliaswilms@example.com,de_DE,10
0,siegridhesse,hakan86@example.com,de_DE,6
0,zbachmann,gumprichbernhardine@example.net,de_DE,9
0,heringdagmar,mohauptalf@example.net,de_DE,7
0,mato20,walburga51@example.org,de_DE,5
0,aynur16,laszlo68@example.com,de_DE,6
0,doerschnerswetlana,nstolze@example.net,de_DE,6
0,alfred19,klaus-ulrich35@example.org,de_DE,4
0,naseraziz,thea58@example.net,de_DE,7
0,heidekensy,alfons89@example.org,de_DE,5
0,ebudig,hennyheinz@example.com,de_DE,8
0,tdrub,waltermargitta@example.com,de_DE,7
0,muellerbayram,roemersemra@example.net,de_DE,9
0,belinda10,brittberger@example.org,de_DE,5
0,bmaelzer,wulffvolker@example.org,de_DE,6
0,ilonafranke,rschuchhardt@example.net,de_DE,6
0,dietzinsa,hertha64@example.org,de_DE,5
0,cnoack,ringherma@example.com,de_DE,6
0,wielochjulius,haaselieschen@example.net,de_DE,8
0,eholsten,hethuredelgard@example.net,de_DE,10
0,zschomber,britroehricht@example.com,de_DE,10
0,luebsnicolaus,kurtspeer@example.net,de_DE,3
0,xschulz,helfriedstadelmann@example.net,de_DE,6
0,mia11,britt30@example.com,de_DE,6
0,binnerfriedericke,laurenz52@example.com,de_DE,12
0,cziegert,horst-guenter82@example.org,de_DE,7
0,stiffellorenzo,albrecht89@example.com,de_DE,6
0,horst-dieter40,katyehlert@example.org,de_DE,10
0,nevenka06,ernst-otto22@example.net,de_DE,9
0,walter60,mohauptelvira@example.com,de_DE,9
0,beyerhans-adolf,zimmerconstanze@example.net,de_DE,7
0,mechthilde38,xbloch@example.com,de_DE,7
0,hornigcathrin,engindobes@example.org,de_DE,5
0,wirthirene,textoralena@example.net,de_DE,7
0,hildegundhoefig,mielcarekkarolin@example.org,de_DE,7
0,alinegeisler,salvatoreschulz@example.net,de_DE,7
0,wmuehle,strohrotraud@example.net,de_DE,6
0,mansjoana,heringreza@example.org,de_DE,6
0,reimund53,kmoechlichen@example.com,de_DE,11
0,butteleokadia,brunhildeschuchhardt@example.com,de_DE,11
0,giesshannchen,meralalbers@example.org,de_DE,9
0,htrapp,giovanniherrmann@example.com,de_DE,2
0,wagenknechtgudrun,gkeudel@example.org,de_DE,9
0,ihoefig,ibohlander@example.net,de_DE,3
0,hoffmannheinz-willi,qboerner@example.org,de_DE,6
0,radmilahoelzenbecher,gorlitzmalte@example.org,de_DE,7
0,uschenk,jwende@example.org,de_DE,6
0,qschaefer,loefflereggert@example.org,de_DE,5
0,delia47,karl-otto22@example.org,de_DE,7
0,rosita94,zirmechantal@example.org,de_DE,5
0,nikolas89,xnerger@example.net,de_DE,13
0,krzysztof81,holmwernecke@example.com,de_DE,10
0,hartunggilda,gehringerknud@example.net,de_DE,9
0,kristinjaehn,giovannastahr@example.com,de_DE,8
0,jweller,francoise66@example.com,de_DE,10
0,ybiggen,obaum@example.net,de_DE,4
0,slobodan75,gerhardt53@example.com,de_DE,6
0,gunnarweinhold,tania23@example.net,de_DE,6
0,ruppersbergererhardt,weinhagejohanne@example.org,de_DE,6
0,vlorch,foerstersylvana@example.net,de_DE,7
0,kraushaardorota,van-der-dussenmohammed@example.net,de_DE,7
0,ladecktim,anette35@example.com,de_DE,6
0,monikanohlmans,aleksej73@example.org,de_DE,6
0,raedelfrieda,hansgeorg04@example.com,de_DE,9
0,theresabaerer,meryemjuettner@example.net,de_DE,8
0,muehleheinz-willi,stollehrhard@example.com,de_DE,4
0,roselinde03,glorch@example.org,de_DE,6
0,ottilie53,anneroseeberth@example.org,de_DE,5
0,trubinnina,hofmannguido@example.net,de_DE,9
0,martinetschentscher,wiekmarcus@example.net,de_DE,8
0,ljubica49,fischerronald@example.org,de_DE,3
0,mtroest,buttecornelius@example.net,de_DE,10
0,juliusscheuermann,van-der-dussenelisabet@example.com,de_DE,14
0,gertraut34,anettbonbach@example.org,de_DE,5
0,drago30,claus-dieter45@example.org,de_DE,3
0,aleksanderbluemel,slobodan88@example.org,de_DE,9
0,kilian70,halinascholl@example.org,de_DE,6
0,hedy59,ymisicher@example.org,de_DE,6
0,albertine03,severinloos@example.net,de_DE,5
0,roggejohann,proehrdanz@example.com,de_DE,8
0,khettner,adolf55@example.com,de_DE,4
0,clausgrein-groth,jacobhans-uwe@example.com,de_DE,6
0,niemeierwanda,rkuehnert@example.org,de_DE,7
0,mroehrdanz,rezaeimer@example.net,de_DE,11
0,thies67,shendriks@example.com,de_DE,7
0,klaus-werner77,nermin42@example.net,de_DE,12
0,henkrafael,oreising@example.org,de_DE,5
0,plathmarleen,imeldahornich@example.org,de_DE,6
0,olenapieper,mohammad79@example.org,de_DE,6
0,zkarz,swaehner@example.com,de_DE,6
0,hornigirena,kranzgernot@example.com,de_DE,11
0,karl-ernst33,wtaesche@example.org,de_DE,5
0,iris44,hans-wernerreuter@example.com,de_DE,9
0,marleen04,hans-adolfmans@example.com,de_DE,7
0,hvan-der-dussen,fanny48@example.org,de_DE,4
0,hueseyin73,bruderivana@example.com,de_DE,4
0,paul69,wulffroselinde@example.net,de_DE,10
0,svetlanamaelzer,jwernecke@example.com,de_DE,8
0,ibiggen,linkegerta@example.org,de_DE,5
0,annelorelindau,gehringerbelinda@example.org,de_DE,2
0,virginia68,zenta01@example.org,de_DE,7
0,kochrochus,dariuszhornig@example.com,de_DE,9
0,ustahr,gunhild57@example.net,de_DE,10
0,dliebelt,aysehermann@example.com,de_DE,7
0,silkeroerricht,konrad94@example.org,de_DE,5
0,larissafritsch,flantzsigmund@example.org,de_DE,8
0,kweinhage,muelichenernest@example.net,de_DE,4
0,reinhardtdamian,tlustekeitel@example.com,de_DE,10
0,abdullah35,plathklothilde@example.com,de_DE,8
0,jopichedwin,otfriedullmann@example.net,de_DE,8
0,susanna25,reimund74@example.net,de_DE,6
0,heinz-wilhelmeberhardt,auch-schlauchinheinz-gerd@example.com,de_DE,8
0,dmuelichen,pkaul@example.net,de_DE,3
0,thedaneuschaefer,lisastumpf@example.net,de_DE,5
0,ricardathies,casparslawomir@example.org,de_DE,6
0,hildegart28,reginaldkruschwitz@example.com,de_DE,6
0,matthias96,beieralan@example.com,de_DE,9
0,sgierschner,priska64@example.org,de_DE,5
0,hwesack,gundolf87@example.net,de_DE,6
0,helmut96,dan91@example.net,de_DE,8
0,elias21,eileen29@example.org,de_DE,7
0,karl-dieterweitzel,mudehans-uwe@example.org,de_DE,8
0,taeschejutta,hauch-schlauchin@example.net,de_DE,11
0,wirthsilvana,heinz-josef47@example.net,de_DE,9
0,tschweitzer,beate56@example.org,de_DE,5
0,edeltrautharloff,giesela39@example.net,de_DE,7
0,wandamatthaei,annelisehornig@example.org,de_DE,10
0,xweinhold,lorenz62@example.net,de_DE,6
0,ebriemer,bert17@example.net,de_DE,2
0,hbarth,sfaust@example.com,de_DE,4
0,freichmann,jacobmuelichen@example.net,de_DE,11
0,gerardsorgatz,tthanel@example.com,de_DE,6
0,oderwaldraymund,ullmannkathleen@example.org,de_DE,8
0,rudolpharnd,alf36@example.com,de_DE,7
0,gerlachvolkmar,ejunken@example.org,de_DE,7
0,umatthaei,stadelmannheike@example.org,de_DE,6
0,driehl,ullmannfreya@example.net,de_DE,9
0,margareta23,jkrebs@example.com,de_DE,7
0,johannheide-marie,njaekel@example.com,de_DE,8
0,kochingbert,rosi46@example.net,de_DE,12
0,sieringnadeschda,smangold@example.com,de_DE,7
0,kreuselannette,huhntadeusz@example.org,de_DE,4
0,nkuhl,pohlgesa@example.com,de_DE,10
0,malgorzatabutte,karl-wilhelm12@example.com,de_DE,4
0,leonid00,isolde74@example.com,de_DE,4
0,reinhardtedith,nerminscholl@example.com,de_DE,5
0,uheinz,minaberger@example.com,de_DE,5
0,doeringberit,radischclaudius@example.org,de_DE,6
0,cynthiareuter,feliciabirnbaum@example.com,de_DE,10
0,jacqueline75,ehrentraudbender@example.com,de_DE,6
0,ehlertbenno,beckercaroline@example.net,de_DE,4
0,roggesibylle,koch-iimiguel@example.com,de_DE,6
0,ritterlucia,tpergande@example.net,de_DE,8
0,hans-wernertextor,rkrebs@example.com,de_DE,6
0,aschuchhardt,preissnancy@example.org,de_DE,11
0,hubertusholsten,thomas95@example.com,de_DE,6
0,ismettrommler,gorlitzrosa-maria@example.com,de_DE,8
0,anastasios20,jsoeding@example.com,de_DE,6
0,ottofoerster,engelberttintzmann@example.com,de_DE,4
0,walentina92,alineputz@example.org,de_DE,8
0,kochluise,ralph75@example.com,de_DE,4
0,plathheike,sibillaklemm@example.org,de_DE,10
0,tschentschertimo,baptist20@example.org,de_DE,3
0,thomasweinhold,jobst22@example.net,de_DE,5
0,vhoelzenbecher,aleksej32@example.org,de_DE,13
0,sagerdamian,sofia34@example.org,de_DE,7
0,nicolai52,clarissafischer@example.org,de_DE,7
0,selma41,doerschnerreimer@example.net,de_DE,5
0,stadelmannrotraud,ktintzmann@example.net,de_DE,8
0,ysteinberg,esthertaesche@example.com,de_DE,7
0,seipioannis,onaser@example.org,de_DE,4
0,yluebs,sspeer@example.org,de_DE,3
0,edelbert32,wdoerr@example.com,de_DE,5
0,karzalwina,baptistbloch@example.org,de_DE,4
0,bolnbachigor,gordonbeyer@example.net,de_DE,6
0,eberthclaus-peter,hajohermighausen@example.net,de_DE,2
0,hmangold,evelynesteckel@example.com,de_DE,9
0,weinhagedominic,gschottin@example.net,de_DE,3
0,friedo16,ullrichpierre@example.net,de_DE,4
0,pzobel,harloffyusuf@example.net,de_DE,5
0,cordulabuchholz,kuschpedro@example.net,de_DE,4
0,xfreudenberger,isabelladoerr@example.net,de_DE,6
0,jacobdoerthe,preichmann@example.net,de_DE,10
0,kunigunda42,gbolander@example.com,de_DE,3
0,anatolhuebel,benderruediger@example.com,de_DE,10
0,xschlosser,rigohettner@example.net,de_DE,11
0,jhaase,gordana56@example.net,de_DE,6
0,mielcarekroy,textorrotraut@example.com,de_DE,3
0,nrudolph,rgute@example.org,de_DE,7
0,volkhard19,hans-willihecker@example.com,de_DE,7
0,wullrich,susescholtz@example.net,de_DE,6
0,claas07,yfischer@example.net,de_DE,6
0,angela77,jacoblindner@example.net,de_DE,6
0,weinhagemarietta,isabel50@example.com,de_DE,3
0,bebert,agnesbeer@example.com,de_DE,7
0,waldtrautdavids,bekirmeyer@example.net,de_DE,4
0,rgute,weihmannwolfhard@example.com,de_DE,12
0,karl-peter26,gierschnerisolde@example.com,de_DE,7
0,eleni15,cengizstahr@example.com,de_DE,5
0,elenajacobi-jaeckel,ruthildfiebig@example.org,de_DE,6
0,zeckbauer,alidastriebitz@example.net,de_DE,5
0,roerrichtsebastian,wendelin83@example.org,de_DE,6
0,schottinfrancesco,bonbachgunar@example.net,de_DE,4
0,suse62,mirjahertrampf@example.org,de_DE,4
0,elfi68,esterhettner@example.com,de_DE,8
0,metzannie,ercanniemeier@example.net,de_DE,7
0,robin01,tkrein@example.com,de_DE,9
0,toni49,bohlanderarnold@example.org,de_DE,9
0,diethelmfritsch,holzapfelsamuel@example.org,de_DE,8
0,vpergande,nadin38@example.net,de_DE,6
0,hermanneimer,ubohlander@example.com,de_DE,7
0,eminkrebs,textorevangelia@example.net,de_DE,11
0,juettnersarina,ykambs@example.com,de_DE,3
0,eknappe,zwulf@example.net,de_DE,8
0,nurettinsoelzer,dominic70@example.net,de_DE,3
0,dkaester,grzegorzwerner@example.net,de_DE,11
0,dhendriks,finkedorothe@example.net,de_DE,8
0,wfoerster,oheuser@example.net,de_DE,5
0,qlachmann,valeska38@example.net,de_DE,7
0,hornigjanus,luisa05@example.org,de_DE,10
0,jaentschhans-erich,dietlind95@example.net,de_DE,5
0,eboerner,ekkehardwerner@example.org,de_DE,7
0,hpreiss,eva05@example.net,de_DE,11
0,kathyfinke,kgerlach@example.net,de_DE,4
0,tholsten,shoffmann@example.com,de_DE,8
0,baerbelvan-der-dussen,kjopich@example.org,de_DE,7
0,biankadoehn,drogge@example.org,de_DE,8
0,joerg86,lindaugabriel@example.org,de_DE,5
0,hans-dieter15,muellerheinz-joachim@example.org,de_DE,4
0,kuehnertnico,llindner@example.org,de_DE,6
0,eckhardt99,mreuter@example.com,de_DE,7
0,ingeborgditschlerin,estadelmann@example.org,de_DE,5
0,fliegnerwladimir,claus-peter05@example.com,de_DE,10
0,neberth,birgitt49@example.net,de_DE,7
0,auch-schlauchinedwin,creising@example.net,de_DE,8
0,mitschkeanna-marie,axelschacht@example.org,de_DE,7
0,dietrichreising,oscar88@example.com,de_DE,5
0,frank-peter30,anetazaenker@example.org,de_DE,6
0,lhahn,spiessleonore@example.com,de_DE,8
0,austermuehlealois,markusniemeier@example.net,de_DE,5
0,suzanneschoenland,auch-schlauchingerald@example.com,de_DE,8
0,johannekruschwitz,gretelholsten@example.com,de_DE,14
0,kuehnertgertrud,moechlichenluigi@example.net,de_DE,7
0,casparute,korduladehmel@example.net,de_DE,4
0,zaenkervlado,ikambs@example.net,de_DE,8
0,joanna66,hans-walter14@example.org,de_DE,5
0,herlindekreusel,qackermann@example.org,de_DE,7
0,ibirnbaum,fechnerwaltraut@example.net,de_DE,10
0,cloewer,karolinehendriks@example.org,de_DE,6
0,sieringthoralf,ajaentsch@example.com,de_DE,5
0,omatthaei,weitzelartur@example.com,de_DE,7
0,metanaser,speeriris@example.com,de_DE,5
0,marie-louiseeigenwillig,dippelgoetz@example.org,de_DE,8
0,hentscheledith,sylvie16@example.com,de_DE,8
0,junitzjoerg,ekkehartullmann@example.net,de_DE,6
0,milkahaering,gschomber@example.org,de_DE,10
0,friedhilde89,ufroehlich@example.net,de_DE,5
0,nikolaischolz,scheelannemarie@example.org,de_DE,4
0,peukertilka,kotto@example.net,de_DE,5
0,frankesilke,pschwital@example.org,de_DE,7
0,leonardosontag,ipreiss@example.net,de_DE,6
0,gundulawiek,swetlana32@example.com,de_DE,6
0,reinhardtirmengard,dimitrijungfer@example.net,de_DE,7
0,erkan66,foersterbeatrix@example.org,de_DE,11
0,klaerestey,hebert@example.net,de_DE,3
0,dietzangelina,thies96@example.org,de_DE,7
0,kramermeral,ullalosekann@example.org,de_DE,5
0,hajojohann,giessanni@example.org,de_DE,8
0,theodordrubin,sinaida90@example.org,de_DE,7
0,xheinrich,amalia43@example.com,de_DE,6
0,trudescheel,ipeukert@example.net,de_DE,2
0,kwohlgemut,romanaeberth@example.net,de_DE,4
0,reichmannklaus-ulrich,eleonorehenschel@example.com,de_DE,9
0,isabell53,wirthgertrud@example.com,de_DE,8
0,hugostiebitz,mariechenzimmer@example.org,de_DE,7
0,katabloch,handeviktor@example.net,de_DE,11
0,ananoack,groettnertuelay@example.org,de_DE,5
0,wenkejacob,otfried05@example.net,de_DE,3
0,schachtlukas,markschmidt@example.org,de_DE,8
0,gertrud30,rosemarie09@example.com,de_DE,10
0,rupert12,zirmemetin@example.com,de_DE,4
0,rosmariewerner,dirkdehmel@example.com,de_DE,3
0,haasefredi,abutte@example.org,de_DE,8
0,hans-otto77,ufliegner@example.net,de_DE,8
0,silva70,jacobi-jaeckelroland@example.org,de_DE,5
0,ingolf50,anatol26@example.org,de_DE,3
0,lpieper,uli84@example.com,de_DE,7
0,steffi20,ottokaraustermuehle@example.org,de_DE,6
0,foersterkunigunda,mpoelitz@example.net,de_DE,6
0,hahnstefan,sophiesteinberg@example.net,de_DE,7
0,zreuter,margrit96@example.net,de_DE,5
0,hoefigreinald,falkowulff@example.net,de_DE,5
0,odoerr,lfaust@example.net,de_DE,4
0,mijo94,xhenk@example.com,de_DE,8
0,oderwaldsigrun,beierrosita@example.org,de_DE,7
0,gretl38,agraf@example.org,de_DE,6
0,wullrich,ecarsten@example.net,de_DE,5
0,jo93,gwilms@example.net,de_DE,6
0,tladeck,sibilla94@example.net,de_DE,5
0,helfried84,elviraseifert@example.org,de_DE,4
0,apostolos59,hesseariane@example.net,de_DE,9
0,wirthgitta,gislinde14@example.org,de_DE,3
0,eharloff,scholzh-dieter@example.org,de_DE,8
0,nettelene,kevinlehmann@example.com,de_DE,4
0,gorlitzfrieda,max39@example.org,de_DE,4
0,brunhildhenck,sigismund39@example.org,de_DE,5
0,dunjakrebs,joanahartmann@example.org,de_DE,6
0,magritjockel,akeudel@example.net,de_DE,8
0,herlinde47,meinhardwarmer@example.net,de_DE,2
0,dreweshans-herbert,soedinghans-ulrich@example.com,de_DE,8
0,bmosemann,olindner@example.net,de_DE,4
0,heinrich72,beatrice30@example.org,de_DE,5
0,annedorehornich,marcushartung@example.org,de_DE,3
0,jheinz,koesternadeshda@example.com,de_DE,8
0,vflantz,urte21@example.org,de_DE,5
0,paffrathclaere,zdenka94@example.com,de_DE,6
0,koesternikolai,christophradmila@example.net,de_DE,8
0,pboerner,elmarweiss@example.com,de_DE,6
0,pieperljiljana,ralf-peterflantz@example.org,de_DE,5
0,mohauptfalk,lotte02@example.org,de_DE,10
0,fiebigolga,xmies@example.com,de_DE,5
0,franketillmann,rognerundine@example.net,de_DE,7
0,wernerella,edwinstolze@example.net,de_DE,9
0,ismail08,ogorlitz@example.org,de_DE,13
0,barbaralachmann,wstriebitz@example.net,de_DE,5
0,striebitzaline,wohlgemutcarl-heinz@example.net,de_DE,8
0,misichergotthold,adelbertspiess@example.net,de_DE,6
0,dreising,wojciechsoelzer@example.com,de_DE,6
0,ernestinebarth,saueredgar@example.com,de_DE,5
0,jeannine60,gudrunpatberg@example.com,de_DE,6
0,irmhildknappe,gabyschoenland@example.org,de_DE,6
0,nettejiri,janinebudig@example.org,de_DE,5
0,salvatorebien,karl-wilhelmkusch@example.net,de_DE,6
0,losekannralf-dieter,kaethenoack@example.com,de_DE,7
0,tuelay79,nikolas94@example.net,de_DE,9
0,hans-peterseifert,hpatberg@example.net,de_DE,5
0,karlfried19,donaldgutknecht@example.com,de_DE,3
0,sylvester12,iliasneureuther@example.org,de_DE,4
0,adriane26,trubincenta@example.org,de_DE,2
0,alicja55,qkusch@example.com,de_DE,8
0,dconradi,jonashecker@example.org,de_DE,9
0,metzslavko,kristina05@example.net,de_DE,4
0,romualdschuchhardt,hjuncken@example.org,de_DE,5
0,ggeissler,hoelzenbechertuerkan@example.com,de_DE,8
0,hans-hermann67,hettnertomislav@example.net,de_DE,7
0,gotthardvadim,klaereschenk@example.com,de_DE,5
0,jochentextor,julie29@example.com,de_DE,7
0,dora36,xpieper@example.net,de_DE,10
0,hellwigoda,lkuehnert@example.net,de_DE,8
0,wloechel,buchholzleyla@example.net,de_DE,5
0,manssibel,magnus11@example.net,de_DE,3
0,aysel44,etzleringrid@example.org,de_DE,4
0,lscholz,nbien@example.net,de_DE,9
0,maik78,ubuchholz@example.net,de_DE,2
0,waumann,hagen88@example.net,de_DE,8
0,heidrun00,francorogner@example.net,de_DE,7
0,lotti58,gretl63@example.com,de_DE,2
0,utebloch,klaus-juergen47@example.org,de_DE,6
0,segebahnerich,zroht@example.org,de_DE,6
0,schulzria,blochmargita@example.org,de_DE,6
0,piagotthard,david78@example.net,de_DE,4
0,torsten25,okohl@example.net,de_DE,4
0,krebswalther,groemer@example.org,de_DE,7
0,annelise47,foersteroda@example.com,de_DE,12
0,traugott59,hentschelistvan@example.org,de_DE,7
0,beerthaddaeus,philomena57@example.net,de_DE,6
0,sven85,uwe08@example.com,de_DE,6
0,karoline28,jaekelnatalie@example.com,de_DE,11
0,jennyroehricht,ksuessebier@example.net,de_DE,6
0,schinkefriedrich-karl,tbudig@example.net,de_DE,5
0,akoch,peter-michaelroskoth@example.org,de_DE,6
0,eliselorch,krebsludwig@example.net,de_DE,8
0,fseifert,bkrein@example.com,de_DE,4
0,karl-peter14,yaseminhaering@example.org,de_DE,4
0,klappkai-uwe,rogerstumpf@example.com,de_DE,6
0,klotzklemens,grose@example.com,de_DE,5
0,isorgatz,gotthardheinz-dieter@example.org,de_DE,4
0,egon52,heserbertha@example.com,de_DE,5
0,oullmann,donata30@example.org,de_DE,5
0,constantin99,leagorlitz@example.org,de_DE,4
0,doertehoevel,heiniaumann@example.com,de_DE,5
0,seidelmary,georgemohaupt@example.net,de_DE,5
0,schulzvinko,hilda31@example.net,de_DE,7
0,igor68,svea80@example.org,de_DE,6
0,karl-friedrichgeissler,lieschensaeuberlich@example.com,de_DE,4
0,kditschlerin,mroskoth@example.org,de_DE,5
0,gjunk,killerpaula@example.net,de_DE,7
0,jozefkaul,eleonore27@example.com,de_DE,6
0,ursel59,hilma31@example.org,de_DE,5
0,abonbach,karl-joseffritsch@example.org,de_DE,8
0,truebhasso,antoninahaering@example.org,de_DE,4
0,gumprichsebastian,scholtzothmar@example.org,de_DE,6
0,sadolph,eckartfliegner@example.com,de_DE,2
0,hakan24,oschinke@example.org,de_DE,4
0,eckbauergerfried,heckermanfred@example.com,de_DE,6
0,silvanadrewes,h-dieter40@example.org,de_DE,5
0,schmiedtvalentin,bernthamann@example.net,de_DE,7
0,qscholtz,vhesse@example.org,de_DE,7
0,mhaenel,rtrommler@example.com,de_DE,10
0,gundi05,alicehertrampf@example.net,de_DE,7
0,tomasz19,ahmad34@example.com,de_DE,6
0,rita09,dhenck@example.org,de_DE,5
0,phenk,vjunitz@example.com,de_DE,1
0,korbiniankohl,adowerg@example.org,de_DE,3
0,mirawaehner,ines97@example.com,de_DE,2
0,alma19,lore93@example.org,de_DE,5
0,metzmagnus,theklagude@example.net,de_DE,6
0,lydia29,melitta18@example.org,de_DE,6
0,franco89,faustzdenka@example.net,de_DE,6
0,hubert29,tscholz@example.net,de_DE,8
0,rbruder,hans-joerg50@example.org,de_DE,4
0,fritz57,tassiloschomber@example.org,de_DE,7
0,dobesmarlis,fwernecke@example.net,de_DE,4
0,waltraud20,anne-katrinboerner@example.com,de_DE,9
0,nohlmansarne,hgehringer@example.com,de_DE,2
0,franz95,udo70@example.org,de_DE,7
0,akoch,bettysteckel@example.net,de_DE,3
0,sdietz,mweitzel@example.net,de_DE,4
0,kochtheres,obudig@example.net,de_DE,4
0,dorotheebaum,carstenmina@example.org,de_DE,8
0,heinz-walteroderwald,ggeisler@example.net,de_DE,9
0,frankeauguste,larajunk@example.org,de_DE,5
0,hans-eberhard40,carmelo85@example.org,de_DE,4
0,cichoriuszeynep,qbohnbach@example.com,de_DE,5
0,karoline41,zsontag@example.org,de_DE,2
0,josipdoering,pergandeclaire@example.com,de_DE,5
0,kbuchholz,schleichheide@example.net,de_DE,10
0,rose66,gwesack@example.org,de_DE,6
0,christianamosemann,pkaester@example.com,de_DE,6
0,speervittorio,jaehndorothea@example.com,de_DE,4
0,benitaboucsein,wbolander@example.org,de_DE,4
0,ercan70,hedykramer@example.net,de_DE,3
0,hermighauseneleonora,wulffjelena@example.org,de_DE,6
0,lindaudorothe,lschulz@example.com,de_DE,6
0,laurenz33,ikrebs@example.org,de_DE,2
0,schleichchristof,gabriel47@example.com,de_DE,7
0,annegret81,lena31@example.net,de_DE,12
0,leanderhuhn,lilianehaering@example.org,de_DE,4
0,margretrohleder,margrafloni@example.org,de_DE,5
0,jullrich,freyaschmidtke@example.org,de_DE,7
0,ufinke,connybecker@example.com,de_DE,8
0,miriamscholz,leamentzel@example.org,de_DE,7
0,recep54,sigrunklemm@example.com,de_DE,3
0,anette16,ferenc44@example.net,de_DE,4
0,birnbaummarie-theres,emil42@example.com,de_DE,8
0,henschelgustav,sebastian54@example.org,de_DE,5
0,kgude,geert57@example.com,de_DE,5
0,moritzrogge,zmans@example.net,de_DE,4
0,reichmannfalko,amandagotthard@example.com,de_DE,4
0,ihellwig,beiernada@example.org,de_DE,6
0,xhamann,henkmirko@example.net,de_DE,6
0,rweinhage,caeciliagehringer@example.net,de_DE,7
0,leonhardbluemel,marie-theres18@example.net,de_DE,8
0,etzlermeinhard,editpohl@example.net,de_DE,5
0,ottfried83,neuschaeferlea@example.com,de_DE,5
0,zeynepbenthin,natalija13@example.net,de_DE,5
0,jhecker,barkholzelizabeth@example.com,de_DE,7
0,qschenk,aurelia90@example.org,de_DE,4
0,heinzpamela,wolfhardgerlach@example.org,de_DE,4
0,bohlanderklaus-dieter,radmila19@example.net,de_DE,4
0,bluemelchrista-maria,luziewulf@example.com,de_DE,4
0,heringannelene,skallert@example.com,de_DE,4
0,eckehardschinke,lenigerlach@example.com,de_DE,4
0,yetzold,arose@example.org,de_DE,7
0,wendelin89,minna56@example.org,de_DE,6
0,erdal03,metzdogan@example.net,de_DE,3
0,nettefelizitas,irmtraut90@example.com,de_DE,3
0,jkostolzin,hans-joerganders@example.net,de_DE,3
0,cbenthin,reisingburkhard@example.net,de_DE,7
0,melitabarth,lzorbach@example.net,de_DE,5
0,waldtrautsuessebier,bonbachloretta@example.org,de_DE,3
0,irinahaase,saeuberlichstephanie@example.net,de_DE,4
0,silvanatroest,kathi62@example.com,de_DE,6
0,oeberth,lindnerkunigunde@example.com,de_DE,6
0,eckbauermagret,kanders@example.net,de_DE,3
0,corina84,ludmilagunpf@example.net,de_DE,4
0,seipgunhild,carolinadoering@example.net,de_DE,4
0,sfritsch,sauerherwig@example.com,de_DE,3
0,timmwende,stiebitzkathleen@example.net,de_DE,5
0,eckart72,gusti33@example.org,de_DE,5
0,siglindebender,conraditraugott@example.net,de_DE,3
0,rita17,xadolph@example.com,de_DE,5
0,haenelsevim,sbriemer@example.com,de_DE,7
0,marcuskohl,beckermicha@example.com,de_DE,6
0,hamannpaola,sontaganatolij@example.net,de_DE,5
0,wesackraymond,ron08@example.com,de_DE,8
0,zjessel,faustguelay@example.net,de_DE,5
0,trubingebhard,horst-peterreising@example.org,de_DE,4
0,ebolander,augustraedel@example.net,de_DE,5
0,sinaida04,hartmuthwende@example.com,de_DE,4
0,gotthardgesa,karl-werner82@example.net,de_DE,4
0,marijahentschel,lotto@example.org,de_DE,4
0,hermann44,ddoering@example.com,de_DE,3
0,ellyweihmann,calogerowagenknecht@example.org,de_DE,2
0,christopheckehard,hethurklaus-d@example.org,de_DE,2
0,cbarkholz,aynurebert@example.org,de_DE,6
0,burkhard58,sagergreta@example.com,de_DE,4
0,roehrdanzwalli,sina28@example.com,de_DE,5
0,uheintze,drubrecep@example.com,de_DE,5
0,hannoschulz,schleichtrudel@example.net,de_DE,3
0,marlenbaerer,jo91@example.com,de_DE,7
0,ymuehle,david52@example.net,de_DE,4
0,rmuelichen,schmidtkesimona@example.net,de_DE,3
0,werafechner,etzoldibrahim@example.net,de_DE,2
0,zpeukert,noackveronique@example.org,de_DE,4
0,norberthornig,aureliadietz@example.net,de_DE,4
0,schusterfolkert,szaenker@example.org,de_DE,5
0,strohines,scholzchristof@example.net,de_DE,5
0,corina35,kaulines@example.net,de_DE,5
0,mercedeshiller,pierre29@example.net,de_DE,4
0,ehlertekrem,aytenjockel@example.net,de_DE,3
0,karl-juergenbecker,bettinapaffrath@example.com,de_DE,5
0,nathalie80,benthinherrmann@example.com,de_DE,2
0,mechtildbarkholz,joschinke@example.org,de_DE,4
0,ngorlitz,ydoehn@example.net,de_DE,3
0,mmans,sorgatzrosemarie@example.org,de_DE,4
0,pieperhelene,helmarschaefer@example.com,de_DE,1
0,istvan31,eigenwilligarnim@example.org,de_DE,1
0,xaver18,renata04@example.net,de_DE,6
0,austermuehleivana,peukertnicolaus@example.org,de_DE,6
0,qseifert,liselotteseip@example.org,de_DE,5
0,joergmartin,susi00@example.net,de_DE,5
0,junckenlia,janusmans@example.com,de_DE,6
0,staudetomislav,guenter63@example.com,de_DE,2
0,knappelieschen,nergerbettina@example.com,de_DE,3
0,normaseifert,heinz-dieter90@example.org,de_DE,4
0,schuelerelise,linaladeck@example.net,de_DE,5
0,marinagehringer,beatrix27@example.net,de_DE,4
0,bruderveit,steckelmaximilian@example.net,de_DE,2
0,christa90,valentinedavids@example.org,de_DE,1
0,hans-josef02,susanariehl@example.com,de_DE,2
0,heintzevictor,ugutknecht@example.net,de_DE,3
0,hulda88,klaus-petersalz@example.com,de_DE,1
0,gfreudenberger,wiebkeschuster@example.net,de_DE,1
1,yguichard,qguyot@example.org,fr_FR,2
1,diallohenri,jourdanarnaude@example.org,fr_FR,4
1,blinpauline,cordieremile@example.org,fr_FR,2
1,anaisboucher,antoinegros@example.org,fr_FR,3
1,guichardaugustin,descampspaul@example.net,fr_FR,5
1,jeandurand,bazinrene@example.org,fr_FR,5
1,emilie06,ovaillant@example.org,fr_FR,2
1,vbarre,theophilemorin@example.org,fr_FR,3
1,barbegeorges,lebrunmartine@example.net,fr_FR,4
1,lgoncalves,fernandesdenise@example.org,fr_FR,4
1,zpineau,vbecker@example.com,fr_FR,2
1,danielgeorges,lucie37@example.com,fr_FR,2
1,maggiecarlier,vincent29@example.net,fr_FR,5
1,victoire87,marcelle05@example.net,fr_FR,4
1,iperrin,allaineugene@example.net,fr_FR,3
1,barbiercelina,isabellemartins@example.com,fr_FR,5
1,benoitjosette,manoncouturier@example.org,fr_FR,1
1,zoe85,fdubois@example.com,fr_FR,2
1,gabrielle93,marinetoussaint@example.com,fr_FR,1
1,corinnejean,marierenaud@example.com,fr_FR,4
1,qboulay,xbonnet@example.net,fr_FR,2
1,virginie38,hamelaimee@example.com,fr_FR,1
1,stephanepeltier,lebonemmanuel@example.org,fr_FR,2
1,poiriernicolas,nicolasperrin@example.net,fr_FR,3
1,gerardhernandez,slabbe@example.com,fr_FR,4
1,odetterey,vjoubert@example.com,fr_FR,3
1,delormesuzanne,zbousquet@example.com,fr_FR,4
1,stephaniemartin,louissuzanne@example.org,fr_FR,1
1,alexandria63,maryserenault@example.org,fr_FR,2
1,moniqueparent,celinebenard@example.com,fr_FR,6
1,robinemile,daniellesauvage@example.net,fr_FR,1
1,christine80,marine41@example.net,fr_FR,3
1,bklein,sjean@example.com,fr_FR,5
1,gabriellecousin,juliengrenier@example.org,fr_FR,3
1,reyjuliette,ichauvet@example.com,fr_FR,5
1,hbuisson,dominiquereynaud@example.com,fr_FR,3
1,pauline01,jules61@example.org,fr_FR,2
1,penelope57,gmunoz@example.org,fr_FR,5
1,davidpicard,susan96@example.net,fr_FR,1
1,timotheebernard,lorraineroyer@example.net,fr_FR,4
1,christianemaurice,guillonjuliette@example.net,fr_FR,4
1,andre30,valbert@example.com,fr_FR,6
1,cpetitjean,hpascal@example.org,fr_FR,1
1,urey,jules68@example.com,fr_FR,4
1,legrandnathalie,chartiercharles@example.net,fr_FR,2
1,josephlesage,remydelattre@example.net,fr_FR,3
1,sophie03,vincentpeltier@example.org,fr_FR,4
1,leroythibault,jeannine05@example.net,fr_FR,6
1,roland96,genevievevallee@example.org,fr_FR,2
1,qjacques,victor96@example.org,fr_FR,1
1,david93,lwagner@example.org,fr_FR,3
1,brigittepruvost,henriettehardy@example.org,fr_FR,3
1,emilie79,aubertsabine@example.net,fr_FR,3
1,ygodard,agaudin@example.net,fr_FR,5
1,astrid17,pdos-santos@example.com,fr_FR,4
1,lacroixjeannine,stephanemathieu@example.net,fr_FR,4
1,marinjulie,guillaumetoussaint@example.org,fr_FR,2
1,patriciajean,honorenavarro@example.org,fr_FR,2
1,thibaut86,antoinefranck@example.net,fr_FR,3
1,alainbernier,aubertbertrand@example.net,fr_FR,3
1,amarty,margot91@example.net,fr_FR,3
1,bgarcia,henrietteperon@example.net,fr_FR,4
1,costemargaret,christinedelattre@example.com,fr_FR,3
1,icolas,klacombe@example.net,fr_FR,3
1,chantal04,blondelstephanie@example.org,fr_FR,4
1,tfleury,aime97@example.net,fr_FR,1
1,meunieralphonse,pruvostdorothee@example.org,fr_FR,8
