email,idD,time,date
aabe@example.net,0,20,"2020-04-18 04:46:20"
aabe@example.net,0,38,"2020-09-06 11:36:08"
aabe@example.net,0,40,"2020-12-05 08:54:05"
aabe@example.net,0,19,"2021-01-18 18:50:53"
aabe@example.net,0,20,"2021-06-21 05:53:27"
aabe@example.net,0,25,"2021-11-03 11:29:36"
aabe@example.net,0,6,"2022-04-11 10:43:14"
aabe@example.net,0,40,"2022-05-09 12:28:38"
aabe@example.net,0,27,"2022-06-05 04:55:02"
aabe@example.net,0,35,"2022-07-13 18:17:30"
aabe@example.net,0,26,"2022-07-17 15:34:08"
aabe@example.net,0,43,"2022-09-12 23:54:05"
aaoki@example.com,0,46,"2021-01-22 23:40:44"
aaoki@example.com,0,29,"2021-04-16 13:34:41"
aaoki@example.com,0,47,"2021-12-10 09:51:10"
aaoki@example.com,0,40,"2022-03-03 19:07:20"
aaoki@example.com,0,21,"2022-08-14 22:37:30"
aaoki@example.com,0,42,"2022-09-01 03:51:33"
aaoki@example.com,0,40,"2022-10-12 00:37:08"
aaron03@example.com,0,40,"2013-10-08 07:44:20"
aaron03@example.com,0,26,"2015-11-28 01:24:46"
aaron03@example.com,0,48,"2016-12-29 20:39:30"
aaron03@example.com,0,46,"2018-03-11 03:53:04"
aaron03@example.com,0,30,"2019-12-19 02:00:41"
aaron03@example.com,0,47,"2020-03-19 17:33:26"
aaron03@example.com,0,32,"2020-10-15 17:54:40"
aaron03@example.com,0,29,"2021-11-04 05:27:12"
aaron03@example.com,0,37,"2022-07-16 08:47:06"
aarongreen@example.com,0,3,"2022-05-04 06:41:39"
aarongreen@example.com,0,22,"2022-05-31 07:42:24"
aarongreen@example.com,0,39,"2022-06-19 03:50:38"
aarongreen@example.com,0,22,"2022-06-20 21:48:32"
aarongreen@example.com,0,40,"2022-07-17 00:31:56"
aarongreen@example.com,0,30,"2022-08-01 16:33:38"
aarongreen@example.com,0,34,"2022-09-04 15:57:16"
aarongreen@example.com,0,9,"2022-10-18 00:45:21"
aarongreen@example.com,0,31,"2022-10-24 13:05:54"
aaubry@example.net,0,23,"2022-07-21 07:49:09"
aaubry@example.net,0,39,"2022-08-02 21:58:14"
aaubry@example.net,0,4,"2022-09-30 08:26:27"
aaubry@example.net,0,47,"2022-10-15 19:56:39"
aaubry@example.net,0,32,"2022-10-16 12:40:07"
aaubry@example.net,0,32,"2022-11-01 03:16:11"
aaubry@example.net,0,11,"2022-12-12 06:03:32"
aaubry@example.net,0,42,"2022-12-23 13:15:26"
abag@example.com,0,36,"2022-03-20 22:15:31"
abag@example.com,0,4,"2022-03-28 09:15:27"
abag@example.com,0,48,"2022-03-29 03:58:07"
abag@example.com,0,24,"2022-04-04 17:20:46"
abag@example.com,0,37,"2022-04-13 05:04:13"
abag@example.com,0,34,"2022-06-05 11:30:15"
abag@example.com,0,21,"2022-07-13 07:50:24"
abag@example.com,0,44,"2022-07-25 02:13:06"
abag@example.com,0,46,"2022-08-14 07:27:23"
abag@example.com,0,37,"2022-09-15 20:07:52"
abag@example.com,0,46,"2022-09-16 00:41:38"
abag@example.com,0,22,"2022-09-28 06:10:36"
abag@example.com,0,16,"2022-10-04 11:45:57"
abag@example.com,0,25,"2022-11-08 16:12:03"
abag@example.com,0,49,"2022-11-13 03:39:41"
abag@example.com,0,16,"2022-11-27 06:36:26"
abag@example.com,0,43,"2022-11-30 05:11:34"
abaldwin@example.org,0,18,"2022-11-27 02:45:37"
abaldwin@example.org,0,47,"2022-11-29 08:53:38"
abaldwin@example.org,0,40,"2022-11-30 21:43:17"
abaldwin@example.org,0,43,"2022-12-09 09:43:46"
abaldwin@example.org,0,41,"2022-12-11 04:36:12"
abaldwin@example.org,0,23,"2022-12-21 09:57:03"
abaldwin@example.org,0,33,"2022-12-24 11:03:38"
abaldwin@example.org,0,47,"2022-12-27 11:18:26"
abarbosa@example.org,0,27,"2019-10-31 08:06:18"
abarbosa@example.org,0,24,"2020-04-21 07:02:03"
abarbosa@example.org,0,32,"2020-06-09 18:54:11"
abarbosa@example.org,0,21,"2020-09-21 02:22:14"
abarbosa@example.org,0,15,"2021-01-28 16:10:25"
abarbosa@example.org,0,40,"2021-07-18 03:07:03"
abarbosa@example.org,0,29,"2022-02-20 07:01:24"
abarbosa@example.org,0,33,"2022-05-20 08:49:47"
abarbosa@example.org,0,16,"2022-06-15 02:46:43"
abarbosa@example.org,0,45,"2022-09-09 07:46:38"
abaresi@example.com,0,35,"2022-05-12 20:43:33"
abaresi@example.com,0,46,"2022-06-01 03:48:55"
abaresi@example.com,0,32,"2022-06-20 11:04:45"
abaresi@example.com,0,25,"2022-06-29 08:31:34"
abaresi@example.com,0,48,"2022-07-28 13:15:24"
abaresi@example.com,0,46,"2022-08-31 18:19:59"
abaresi@example.com,0,46,"2022-09-12 22:02:44"
abaresi@example.com,0,21,"2022-09-22 17:51:16"
abaresi@example.com,0,24,"2022-11-07 08:23:43"
abaresi@example.com,0,11,"2022-11-23 00:57:37"
abbapasquale@example.com,0,24,"2022-09-25 23:56:51"
abbapasquale@example.com,0,25,"2022-10-05 16:53:51"
abbapasquale@example.com,0,40,"2022-10-10 15:49:00"
abbapasquale@example.com,0,33,"2022-12-09 21:36:38"
abbapasquale@example.com,0,29,"2022-12-23 23:14:18"
abbapasquale@example.com,0,24,"2022-12-27 04:43:09"
abbottanne@example.com,0,25,"2021-08-04 00:06:19"
abbottanne@example.com,0,12,"2021-08-20 06:55:30"
abbottanne@example.com,0,43,"2021-09-12 07:57:51"
abbottanne@example.com,0,15,"2021-11-09 04:52:28"
abbottanne@example.com,0,37,"2022-01-28 13:54:26"
abbottanne@example.com,0,23,"2022-02-10 01:18:01"
abbottanne@example.com,0,43,"2022-02-20 09:18:45"
abbottanne@example.com,0,9,"2022-04-17 15:29:02"
abbottanne@example.com,0,31,"2022-05-12 06:46:05"
abbottanne@example.com,0,26,"2022-07-13 10:24:55"
abbottanne@example.com,0,46,"2022-10-01 14:49:23"
abbottanne@example.com,0,26,"2022-11-07 11:42:39"
abbottanne@example.com,0,26,"2022-11-07 23:02:58"
abeasuka@example.net,0,37,"2020-12-20 14:10:57"
abeasuka@example.net,0,48,"2021-03-08 07:58:11"
abeasuka@example.net,0,37,"2021-03-12 10:00:00"
abeasuka@example.net,0,34,"2021-07-26 02:49:47"
abeasuka@example.net,0,21,"2021-09-27 13:23:18"
abeasuka@example.net,0,19,"2021-10-14 08:39:59"
abeasuka@example.net,0,8,"2021-10-28 19:34:00"
abeasuka@example.net,0,40,"2022-01-21 17:41:16"
abeasuka@example.net,0,31,"2022-03-30 12:13:19"
abeasuka@example.net,0,23,"2022-06-01 00:36:02"
abeasuka@example.net,0,18,"2022-12-20 04:45:53"
abeharuka@example.net,0,40,"2020-12-13 04:21:38"
abeharuka@example.net,0,45,"2021-05-04 18:54:50"
abeharuka@example.net,0,34,"2021-06-03 17:07:55"
abeharuka@example.net,0,15,"2021-07-21 03:54:48"
abeharuka@example.net,0,22,"2022-01-10 14:28:44"
abeharuka@example.net,0,27,"2022-02-18 11:35:56"
abeharuka@example.net,0,45,"2022-07-01 23:51:14"
abeharuka@example.net,0,27,"2022-08-19 11:15:19"
abeharuka@example.net,0,46,"2022-09-11 01:01:31"
abejun@example.org,0,18,"2014-02-11 17:40:45"
abejun@example.org,0,48,"2014-03-24 06:28:00"
abejun@example.org,0,32,"2014-08-23 02:02:03"
abejun@example.org,0,26,"2014-09-24 10:26:19"
abejun@example.org,0,47,"2016-10-07 17:23:46"
abejun@example.org,0,43,"2017-01-31 09:05:35"
abejun@example.org,0,16,"2018-10-08 18:50:13"
abejun@example.org,0,22,"2019-06-14 02:15:41"
abejun@example.org,0,41,"2019-06-19 13:29:41"
abejun@example.org,0,40,"2020-02-05 01:43:31"
abejun@example.org,0,34,"2021-02-04 13:22:17"
abejun@example.org,0,21,"2021-04-06 09:21:47"
abejun@example.org,0,22,"2022-05-30 15:51:00"
abekana@example.net,0,33,"2017-12-30 08:18:36"
abekana@example.net,0,41,"2018-04-26 18:00:51"
abekana@example.net,0,33,"2018-11-14 00:02:19"
abekana@example.net,0,13,"2018-12-23 05:05:55"
abekana@example.net,0,41,"2019-03-12 23:18:11"
abekana@example.net,0,30,"2019-10-26 22:07:36"
abekana@example.net,0,23,"2020-04-03 04:10:03"
abekana@example.net,0,44,"2022-08-24 23:21:05"
abekumiko@example.org,0,35,"2022-06-29 15:13:14"
abekumiko@example.org,0,33,"2022-07-19 20:15:32"
abekumiko@example.org,0,8,"2022-07-23 15:06:33"
abekumiko@example.org,0,43,"2022-08-17 06:48:34"
abekumiko@example.org,0,46,"2022-08-22 11:46:47"
abekumiko@example.org,0,10,"2022-08-27 16:00:53"
abekumiko@example.org,0,29,"2022-10-07 12:52:02"
abekumiko@example.org,0,26,"2022-12-06 07:20:17"
abellahector@example.org,0,39,"2012-02-08 01:19:19"
abellahector@example.org,0,49,"2012-11-22 23:31:27"
abellahector@example.org,0,25,"2016-06-13 11:08:05"
abellahector@example.org,0,8,"2016-08-27 07:18:44"
abellahector@example.org,0,43,"2017-03-15 14:24:56"
abellahector@example.org,0,37,"2017-04-05 22:57:37"
abellahector@example.org,0,49,"2017-08-11 18:54:51"
abellahector@example.org,0,46,"2020-03-24 05:16:38"
abellahector@example.org,0,42,"2020-10-07 08:57:44"
abellahector@example.org,0,42,"2020-11-19 08:12:45"
abellahector@example.org,0,19,"2021-05-02 16:54:51"
abellahector@example.org,0,28,"2022-08-10 01:56:19"
abellanjulio@example.org,0,15,"2018-01-27 06:00:36"
abellanjulio@example.org,0,27,"2018-06-02 01:40:52"
abellanjulio@example.org,0,29,"2018-12-07 14:37:39"
abellanjulio@example.org,0,44,"2019-02-05 10:42:05"
abellanjulio@example.org,0,45,"2019-02-11 13:07:41"
abellanjulio@example.org,0,34,"2020-05-01 11:45:54"
abellanjulio@example.org,0,34,"2021-03-25 04:46:40"
abellanjulio@example.org,0,25,"2022-07-20 05:23:07"
abellanjulio@example.org,0,3,"2022-08-18 16:15:14"
abellanjulio@example.org,0,17,"2022-10-23 15:02:01"
abemikako@example.net,0,37,"2021-10-31 21:36:46"
abemikako@example.net,0,38,"2022-01-05 05:27:03"
abemikako@example.net,0,22,"2022-05-15 00:42:38"
abemikako@example.net,0,46,"2022-11-15 02:43:58"
abemikako@example.net,0,41,"2022-12-02 07:10:10"
abemikako@example.net,0,11,"2022-12-17 21:23:10"
abeminoru@example.org,0,49,"2022-08-26 10:21:49"
abeminoru@example.org,0,19,"2022-09-02 12:45:34"
abeminoru@example.org,0,37,"2022-09-25 09:07:35"
abeminoru@example.org,0,39,"2022-10-20 01:56:04"
abeminoru@example.org,0,35,"2022-11-12 09:42:31"
abeminoru@example.org,0,36,"2022-11-23 16:50:59"
abeminoru@example.org,0,47,"2022-12-08 21:55:36"
abeminoru@example.org,0,43,"2022-12-25 10:39:16"
abeshohei@example.net,0,43,"2021-09-14 07:35:58"
abeshohei@example.net,0,35,"2021-10-11 22:43:34"
abeshohei@example.net,0,31,"2021-10-13 02:16:26"
abeshohei@example.net,0,32,"2021-11-16 05:39:01"
abeshohei@example.net,0,12,"2022-02-18 15:28:06"
abeshohei@example.net,0,32,"2022-10-02 15:03:31"
abeshohei@example.net,0,33,"2022-11-07 19:50:10"
abiagiotti@example.net,0,48,"2013-05-05 17:03:36"
abiagiotti@example.net,0,45,"2014-12-05 21:29:34"
abiagiotti@example.net,0,18,"2016-08-01 07:54:58"
abiagiotti@example.net,0,33,"2018-09-10 06:30:18"
abiagiotti@example.net,0,37,"2019-06-22 08:40:32"
abiagiotti@example.net,0,36,"2019-06-23 04:08:47"
abiagiotti@example.net,0,27,"2020-05-29 15:38:40"
abiagiotti@example.net,0,30,"2021-01-01 03:37:29"
abiagiotti@example.net,0,32,"2022-12-23 13:01:56"
abigailbolton@example.org,0,35,"2013-08-07 14:38:04"
abigailbolton@example.org,0,46,"2013-12-19 21:26:12"
abigailbolton@example.org,0,23,"2014-05-25 07:48:14"
abigailbolton@example.org,0,14,"2015-12-29 20:15:42"
abigailbolton@example.org,0,36,"2016-11-15 05:41:24"
abigailbolton@example.org,0,19,"2017-01-20 07:37:49"
abigailbolton@example.org,0,27,"2017-03-11 16:24:26"
abigailbolton@example.org,0,42,"2019-01-18 09:56:50"
abigailbolton@example.org,0,15,"2019-07-18 17:46:01"
abigailpeiro@example.com,0,41,"2014-10-15 01:09:54"
abigailpeiro@example.com,0,34,"2015-01-19 07:02:32"
abigailpeiro@example.com,0,48,"2015-02-20 10:31:05"
abigailpeiro@example.com,0,40,"2017-01-18 01:07:07"
abigailpeiro@example.com,0,30,"2017-05-12 09:47:37"
abigailpeiro@example.com,0,27,"2018-08-10 03:00:50"
abigailpeiro@example.com,0,20,"2019-02-01 09:41:56"
abigailpeiro@example.com,0,3,"2019-03-20 16:10:15"
abigailpeiro@example.com,0,29,"2019-04-29 01:15:23"
abigailpeiro@example.com,0,13,"2020-10-04 00:12:46"
abigailpeiro@example.com,0,49,"2021-04-05 01:15:38"
abigailpeiro@example.com,0,42,"2021-11-24 17:14:30"
abigailpeiro@example.com,0,43,"2022-06-18 16:03:51"
abril85@example.net,0,20,"2020-07-28 11:06:18"
abril85@example.net,0,38,"2020-08-05 02:04:33"
abril85@example.net,0,22,"2020-08-15 07:59:55"
abril85@example.net,0,22,"2020-09-08 10:11:11"
abril85@example.net,0,44,"2020-09-15 11:43:55"
abril85@example.net,0,27,"2020-11-15 10:03:39"
abril85@example.net,0,12,"2021-04-24 12:12:10"
abril85@example.net,0,35,"2021-06-23 15:24:20"
abril85@example.net,0,22,"2021-10-08 02:07:55"
abril85@example.net,0,34,"2022-01-05 15:33:43"
abril85@example.net,0,36,"2022-04-27 15:19:17"
abril85@example.net,0,43,"2022-05-02 16:34:30"
abril85@example.net,0,47,"2022-08-30 23:35:08"
abril85@example.net,0,10,"2022-10-20 08:09:07"
abril85@example.net,0,33,"2022-12-18 05:17:05"
abril85@example.net,0,33,"2022-12-19 03:19:39"
abutte@example.org,0,19,"2022-09-18 16:43:06"
abutte@example.org,0,38,"2022-10-11 17:44:23"
abutte@example.org,0,22,"2022-10-27 04:05:43"
abutte@example.org,0,41,"2022-11-03 13:33:41"
abutte@example.org,0,25,"2022-11-20 23:11:53"
abutte@example.org,0,45,"2022-11-28 17:24:56"
abutte@example.org,0,42,"2022-12-06 07:38:41"
abutte@example.org,0,42,"2022-12-17 13:31:52"
acaironi@example.com,0,7,"2012-07-25 19:24:13"
acaironi@example.com,0,40,"2013-02-22 15:07:30"
acaironi@example.com,0,38,"2013-10-08 00:04:20"
acaironi@example.com,0,45,"2014-02-27 15:30:45"
acaironi@example.com,0,36,"2014-08-14 23:27:51"
acaironi@example.com,0,42,"2014-09-03 21:01:54"
acaironi@example.com,0,26,"2014-12-14 02:04:34"
acaironi@example.com,0,5,"2020-04-05 12:15:26"
acaironi@example.com,0,41,"2021-07-25 05:51:10"
acaironi@example.com,0,46,"2022-06-23 22:24:41"
acaironi@example.com,0,36,"2022-12-17 08:49:14"
acaironi@example.com,0,33,"2022-12-17 20:13:01"
acastro@example.net,0,45,"2020-07-23 14:20:06"
acastro@example.net,0,32,"2021-01-09 11:13:48"
acastro@example.net,0,17,"2021-01-28 12:37:59"
acastro@example.net,0,16,"2021-07-07 12:29:17"
acastro@example.net,0,33,"2022-01-23 12:01:19"
acastro@example.net,0,47,"2022-05-23 21:09:06"
acastro@example.net,0,17,"2022-07-04 05:00:06"
acastro@example.net,0,19,"2022-12-01 13:33:47"
acerbimaurilio@example.net,0,23,"2021-08-23 03:24:14"
acerbimaurilio@example.net,0,43,"2021-08-24 17:35:47"
acerbimaurilio@example.net,0,30,"2021-09-06 12:24:07"
acerbimaurilio@example.net,0,21,"2021-10-03 21:37:27"
acerbimaurilio@example.net,0,31,"2021-10-31 01:51:16"
acerbimaurilio@example.net,0,36,"2021-11-13 00:33:22"
acerbimaurilio@example.net,0,32,"2022-01-01 04:55:59"
acerbimaurilio@example.net,0,27,"2022-01-06 07:45:52"
acerbimaurilio@example.net,0,49,"2022-03-30 21:25:02"
acerbimaurilio@example.net,0,42,"2022-04-02 01:59:01"
acerbimaurilio@example.net,0,22,"2022-07-27 02:15:26"
acerbimaurilio@example.net,0,46,"2022-10-26 14:23:37"
achillemannoia@example.net,0,47,"2021-08-28 19:19:05"
achillemannoia@example.net,0,38,"2021-09-16 19:21:45"
achillemannoia@example.net,0,16,"2021-09-17 09:22:24"
achillemannoia@example.net,0,32,"2022-02-16 17:12:03"
achillemannoia@example.net,0,38,"2022-04-05 13:29:08"
achillemannoia@example.net,0,38,"2022-06-21 05:45:06"
achillemannoia@example.net,0,30,"2022-07-03 16:53:52"
achillemannoia@example.net,0,31,"2022-07-20 07:14:21"
achillemannoia@example.net,0,20,"2022-07-25 09:37:03"
achillemannoia@example.net,0,34,"2022-08-13 15:06:44"
achillemannoia@example.net,0,38,"2022-10-02 11:45:20"
achillemannoia@example.net,0,29,"2022-11-19 08:07:08"
achillemannoia@example.net,0,27,"2022-12-18 07:03:35"
acoe@example.net,0,49,"2013-11-12 16:56:12"
acoe@example.net,0,26,"2014-01-13 23:55:27"
acoe@example.net,0,14,"2014-03-21 00:16:40"
acoe@example.net,0,34,"2016-04-07 02:06:25"
acoe@example.net,0,36,"2016-06-19 03:17:20"
acoe@example.net,0,27,"2017-06-09 01:16:06"
acoe@example.net,0,45,"2018-02-20 07:18:11"
acoe@example.net,0,15,"2018-07-23 12:06:39"
acoe@example.net,0,24,"2018-12-02 20:31:20"
acoe@example.net,0,40,"2022-05-31 11:09:48"
acoe@example.net,0,32,"2022-11-18 14:27:43"
acosta@example.org,0,13,"2013-11-25 00:44:14"
acosta@example.org,0,47,"2014-02-25 09:56:35"
acosta@example.org,0,41,"2014-06-03 09:11:42"
acosta@example.org,0,30,"2014-06-23 09:02:49"
acosta@example.org,0,44,"2015-09-26 13:56:53"
acosta@example.org,0,19,"2016-07-25 17:57:45"
acosta@example.org,0,47,"2016-12-18 19:42:32"
acosta@example.org,0,37,"2018-03-15 05:52:18"
acosta@example.org,0,35,"2018-06-01 05:11:22"
acosta@example.org,0,27,"2019-02-20 17:25:31"
acosta@example.org,0,37,"2019-09-17 07:57:07"
acosta@example.org,0,28,"2020-06-29 10:13:55"
acosta@example.org,0,27,"2022-07-03 21:06:29"
acostaveronica@example.com,0,43,"2020-01-21 16:17:07"
acostaveronica@example.com,0,37,"2020-04-06 17:08:57"
acostaveronica@example.com,0,24,"2020-05-28 13:24:58"
acostaveronica@example.com,0,10,"2020-05-28 20:39:47"
acostaveronica@example.com,0,43,"2021-01-20 00:51:55"
acostaveronica@example.com,0,40,"2021-02-04 09:13:04"
acostaveronica@example.com,0,25,"2021-03-06 02:56:28"
acostaveronica@example.com,0,46,"2021-06-23 15:27:28"
acostaveronica@example.com,0,22,"2021-07-02 00:27:19"
acostaveronica@example.com,0,47,"2022-04-14 06:23:05"
acostaveronica@example.com,0,45,"2022-05-29 23:26:12"
acostaveronica@example.com,0,37,"2022-09-27 06:15:51"
acostela@example.org,0,39,"2021-01-27 04:02:55"
acostela@example.org,0,2,"2021-07-03 19:15:58"
acostela@example.org,0,30,"2021-08-13 07:56:35"
acostela@example.org,0,49,"2021-10-31 03:05:27"
acostela@example.org,0,19,"2021-12-02 01:41:44"
acostela@example.org,0,48,"2022-01-04 11:54:30"
acostela@example.org,0,27,"2022-01-11 07:27:14"
acostela@example.org,0,40,"2022-10-22 04:18:02"
adalbertdehmel@example.com,0,31,"2020-04-18 08:41:25"
adalbertdehmel@example.com,0,26,"2020-11-05 19:10:30"
adalbertdehmel@example.com,0,49,"2021-03-23 13:53:30"
adalbertdehmel@example.com,0,35,"2021-03-29 08:07:07"
adalbertdehmel@example.com,0,13,"2021-11-13 08:10:18"
adalbertdehmel@example.com,0,41,"2022-02-10 08:29:11"
adalbertdehmel@example.com,0,19,"2022-09-24 12:25:27"
adalbertdehmel@example.com,0,28,"2022-10-06 01:30:15"
adalbertdehmel@example.com,0,48,"2022-10-22 22:04:02"
adalbertdehmel@example.com,0,41,"2022-12-10 15:55:37"
adam40@example.net,0,28,"2020-05-29 22:57:43"
adam40@example.net,0,46,"2020-07-22 12:20:09"
adam40@example.net,0,46,"2020-07-29 21:25:30"
adam40@example.net,0,44,"2020-09-29 22:16:02"
adam40@example.net,0,44,"2020-11-15 21:51:29"
adam40@example.net,0,39,"2020-12-15 13:35:50"
adam40@example.net,0,30,"2021-01-12 19:18:27"
adam40@example.net,0,18,"2021-03-14 16:02:07"
adam40@example.net,0,44,"2021-05-24 21:29:25"
adam40@example.net,0,36,"2021-08-04 04:14:06"
adam40@example.net,0,36,"2021-09-21 00:19:35"
adam40@example.net,0,21,"2021-09-23 17:52:18"
adam40@example.net,0,26,"2022-01-11 12:29:41"
adam40@example.net,0,41,"2022-05-22 10:22:00"
adam40@example.net,0,37,"2022-07-27 14:35:12"
adam40@example.net,0,49,"2022-08-31 19:56:39"
adam96@example.org,0,27,"2016-02-04 02:32:14"
adam96@example.org,0,8,"2016-05-15 06:27:35"
adam96@example.org,0,43,"2018-03-05 00:55:48"
adam96@example.org,0,46,"2019-09-27 09:39:00"
adam96@example.org,0,43,"2019-11-05 22:25:50"
adam96@example.org,0,45,"2019-12-01 15:06:41"
adam96@example.org,0,25,"2020-04-06 23:41:19"
adam96@example.org,0,46,"2020-05-21 22:25:13"
adam96@example.org,0,22,"2022-03-12 21:31:29"
adam96@example.org,0,26,"2022-07-02 03:55:29"
adamdavis@example.com,0,27,"2021-11-01 04:37:38"
adamdavis@example.com,0,46,"2021-12-05 11:50:34"
adamdavis@example.com,0,17,"2022-02-09 20:24:40"
adamdavis@example.com,0,44,"2022-02-17 18:50:31"
adamdavis@example.com,0,43,"2022-03-07 16:16:40"
adamdavis@example.com,0,45,"2022-05-06 09:27:31"
adamdavis@example.com,0,8,"2022-05-17 06:44:45"
adamdavis@example.com,0,43,"2022-05-20 15:02:37"
adamdavis@example.com,0,34,"2022-06-30 18:48:03"
adamdavis@example.com,0,46,"2022-08-19 21:54:17"
adamdavis@example.com,0,20,"2022-10-04 01:43:23"
adamdavis@example.com,0,22,"2022-11-20 08:09:46"
adamellis@example.org,0,33,"2014-04-27 08:15:14"
adamellis@example.org,0,10,"2016-05-13 19:39:39"
adamellis@example.org,0,44,"2019-07-30 00:24:31"
adamellis@example.org,0,38,"2019-11-24 08:42:44"
adamellis@example.org,0,23,"2021-06-09 05:58:17"
adamellis@example.org,0,16,"2022-02-05 07:55:18"
adamellis@example.org,0,40,"2022-07-10 05:02:46"
adamswilliam@example.net,0,38,"2019-11-12 18:18:15"
adamswilliam@example.net,0,49,"2020-11-01 19:13:17"
adamswilliam@example.net,0,27,"2021-04-21 06:28:19"
adamswilliam@example.net,0,46,"2022-06-30 04:08:23"
adanbru@example.org,0,44,"2014-09-29 01:12:48"
adanbru@example.org,0,32,"2015-02-19 07:14:35"
adanbru@example.org,0,34,"2017-03-03 15:14:39"
adanbru@example.org,0,44,"2017-05-07 00:59:25"
adanbru@example.org,0,45,"2017-05-23 22:20:41"
adanbru@example.org,0,17,"2017-10-03 11:18:35"
adanbru@example.org,0,49,"2018-01-03 08:37:07"
adanbru@example.org,0,22,"2020-07-14 08:28:50"
adanbru@example.org,0,23,"2020-11-16 22:32:47"
adanbru@example.org,0,36,"2022-07-22 04:36:10"
adancepeda@example.org,0,46,"2018-11-14 00:00:59"
adancepeda@example.org,0,41,"2018-11-30 06:07:33"
adancepeda@example.org,0,31,"2019-07-13 20:53:38"
adancepeda@example.org,0,21,"2019-09-30 17:53:56"
adancepeda@example.org,0,25,"2021-01-19 20:12:56"
adancepeda@example.org,0,34,"2021-07-20 03:10:17"
adancepeda@example.org,0,41,"2021-08-16 04:07:12"
adancepeda@example.org,0,37,"2021-09-07 01:37:12"
adancepeda@example.org,0,36,"2022-07-19 18:25:23"
adanherranz@example.org,0,27,"2022-04-04 07:42:43"
adanherranz@example.org,0,23,"2022-05-29 07:06:56"
adanherranz@example.org,0,45,"2022-06-30 09:19:04"
adanherranz@example.org,0,42,"2022-10-23 11:56:22"
adanherranz@example.org,0,48,"2022-12-05 11:52:49"
adanherranz@example.org,0,34,"2022-12-05 15:39:17"
adanherranz@example.org,0,15,"2022-12-14 11:36:08"
adanherranz@example.org,0,31,"2022-12-22 18:23:15"
adanherranz@example.org,0,30,"2022-12-24 20:04:36"
adas-neves@example.com,0,43,"2020-09-01 07:11:21"
adas-neves@example.com,0,8,"2020-09-30 17:55:08"
adas-neves@example.com,0,39,"2020-10-07 05:18:27"
adas-neves@example.com,0,13,"2020-11-29 16:49:34"
adas-neves@example.com,0,45,"2021-06-04 23:07:30"
adas-neves@example.com,0,21,"2021-08-25 19:56:34"
adas-neves@example.com,0,32,"2022-05-04 05:55:02"
adas-neves@example.com,0,48,"2022-06-21 16:11:52"
adas-neves@example.com,0,20,"2022-10-09 07:08:14"
adelaidaarnal@example.com,0,35,"2022-11-07 09:52:34"
adelaidaarnal@example.com,0,47,"2022-11-24 04:01:24"
adelaidaarnal@example.com,0,48,"2022-11-29 03:30:33"
adelaidaarnal@example.com,0,10,"2022-12-05 23:00:01"
adelaidaarnal@example.com,0,40,"2022-12-05 23:46:01"
adelaidaarnal@example.com,0,5,"2022-12-10 01:28:22"
adelaidaarnal@example.com,0,43,"2022-12-16 18:15:34"
adelaidaarnal@example.com,0,8,"2022-12-18 00:56:50"
adelaidaarnal@example.com,0,35,"2022-12-20 18:29:41"
adelaidaarnal@example.com,0,44,"2022-12-21 12:14:23"
adelaidaarnal@example.com,0,32,"2022-12-26 13:33:21"
adelaidaarnal@example.com,0,38,"2022-12-26 15:25:25"
adelaide68@example.com,0,49,"2018-02-07 13:44:37"
adelaide68@example.com,0,44,"2018-05-28 20:55:18"
adelaide68@example.com,0,39,"2018-08-22 19:08:32"
adelaide68@example.com,0,30,"2018-12-22 17:32:56"
adelaide68@example.com,0,30,"2019-02-13 19:48:48"
adelaide68@example.com,0,39,"2019-04-28 02:09:00"
adelaide68@example.com,0,22,"2019-09-18 16:38:46"
adelaide68@example.com,0,48,"2019-11-10 00:07:02"
adelaide68@example.com,0,36,"2019-11-18 21:57:54"
adelaide68@example.com,0,44,"2020-02-02 19:18:12"
adelaide68@example.com,0,38,"2020-05-14 12:58:38"
adelaide68@example.com,0,24,"2020-08-02 10:27:11"
adelaide68@example.com,0,8,"2020-09-09 01:34:11"
adelaide68@example.com,0,49,"2022-12-08 09:07:34"
adelaide87@example.com,0,46,"2021-11-14 03:17:08"
adelaide87@example.com,0,41,"2021-11-24 17:31:21"
adelaide87@example.com,0,37,"2021-11-28 01:25:18"
adelaide87@example.com,0,48,"2022-02-03 22:46:00"
adelaide87@example.com,0,12,"2022-04-19 18:27:42"
adelaide87@example.com,0,39,"2022-05-12 04:41:05"
adelaide87@example.com,0,29,"2022-05-16 08:19:45"
adelaide87@example.com,0,40,"2022-11-28 23:06:47"
adelaide87@example.com,0,48,"2022-12-24 05:01:51"
adelaidebarbier@example.com,0,46,"2022-04-04 20:47:57"
adelaidebarbier@example.com,0,47,"2022-04-05 03:11:07"
adelaidebarbier@example.com,0,47,"2022-06-21 08:32:12"
adelaidebarbier@example.com,0,15,"2022-07-16 18:28:20"
adelaidebarbier@example.com,0,31,"2022-07-27 11:47:15"
adelaidebarbier@example.com,0,15,"2022-07-30 22:38:11"
adelaidebarbier@example.com,0,46,"2022-08-05 14:35:22"
adelaidebarbier@example.com,0,31,"2022-08-12 16:57:45"
adelaidebarbier@example.com,0,24,"2022-08-16 06:50:43"
adelaidebarbier@example.com,0,36,"2022-08-19 23:28:57"
adelaidebarbier@example.com,0,8,"2022-08-21 16:44:41"
adelaidebarbier@example.com,0,14,"2022-09-11 04:26:50"
adelaidebarbier@example.com,0,42,"2022-09-21 18:05:12"
adelaidebarbier@example.com,0,39,"2022-09-29 20:31:07"
adelaidebarbier@example.com,0,46,"2022-11-02 09:11:33"
adelaidebarbier@example.com,0,34,"2022-11-21 03:55:27"
adelardomulet@example.org,0,23,"2019-02-21 21:40:36"
adelardomulet@example.org,0,31,"2020-01-16 02:20:31"
adelardomulet@example.org,0,22,"2020-05-27 16:02:55"
adelardomulet@example.org,0,11,"2020-07-12 15:17:50"
adelardomulet@example.org,0,24,"2020-12-02 00:45:06"
adelardomulet@example.org,0,16,"2021-11-11 06:39:51"
adelbertspiess@example.net,0,12,"2013-11-25 23:00:51"
adelbertspiess@example.net,0,30,"2014-02-07 04:48:47"
adelbertspiess@example.net,0,3,"2014-11-27 17:25:53"
adelbertspiess@example.net,0,22,"2016-11-01 09:12:19"
adelbertspiess@example.net,0,49,"2017-03-08 01:38:32"
adelbertspiess@example.net,0,38,"2017-03-21 01:29:12"
adelbertspiess@example.net,0,31,"2017-11-16 19:21:24"
adelbertspiess@example.net,0,46,"2022-05-02 07:41:14"
adelbertspiess@example.net,0,49,"2022-07-19 03:23:23"
adelbertspiess@example.net,0,37,"2022-09-06 21:06:03"
adele81@example.org,0,31,"2017-10-16 16:18:47"
adele81@example.org,0,30,"2018-09-12 02:26:03"
adele81@example.org,0,29,"2019-03-02 06:20:38"
adele81@example.org,0,34,"2019-09-18 02:50:15"
adele81@example.org,0,46,"2019-10-21 04:17:03"
adele81@example.org,0,32,"2020-01-25 21:20:54"
adele81@example.org,0,18,"2021-01-14 05:04:17"
adele81@example.org,0,19,"2021-04-11 19:54:35"
adele81@example.org,0,25,"2022-04-17 01:30:39"
adele81@example.org,0,48,"2022-07-17 12:02:51"
adele81@example.org,0,44,"2022-09-16 21:19:05"
adeleimbert@example.com,0,32,"2015-09-30 23:41:49"
adeleimbert@example.com,0,33,"2017-01-27 05:22:15"
adeleimbert@example.com,0,47,"2019-05-16 22:30:40"
adeleimbert@example.com,0,25,"2020-09-17 21:05:51"
adeleimbert@example.com,0,10,"2021-07-16 12:57:04"
adeleimbert@example.com,0,36,"2021-08-21 18:27:08"
adeleimbert@example.com,0,49,"2022-04-09 20:30:03"
adelinainiguez@example.com,0,44,"2021-07-02 15:04:19"
adelinainiguez@example.com,0,45,"2021-09-09 09:31:59"
adelinainiguez@example.com,0,46,"2021-11-13 03:21:29"
adelinainiguez@example.com,0,40,"2021-12-13 04:21:56"
adelinainiguez@example.com,0,47,"2022-01-03 14:37:53"
adelinainiguez@example.com,0,8,"2022-05-05 18:39:31"
adelinainiguez@example.com,0,12,"2022-06-29 20:10:59"
adelinainiguez@example.com,0,48,"2022-07-11 00:37:06"
adelinainiguez@example.com,0,7,"2022-08-30 16:35:48"
adelinainiguez@example.com,0,40,"2022-10-05 17:46:07"
adelinainiguez@example.com,0,7,"2022-10-25 15:43:43"
adelinainiguez@example.com,0,49,"2022-10-30 18:27:23"
adelinainiguez@example.com,0,3,"2022-11-04 17:35:21"
adelmofermi@example.org,0,17,"2016-11-28 11:28:49"
adelmofermi@example.org,0,48,"2017-05-28 18:56:38"
adelmofermi@example.org,0,33,"2017-12-28 14:08:17"
adelmofermi@example.org,0,47,"2018-02-09 05:03:09"
adelmofermi@example.org,0,21,"2018-06-25 12:02:30"
adelmofermi@example.org,0,21,"2019-10-22 06:39:43"
adelmofermi@example.org,0,46,"2020-01-07 03:38:20"
adelmofermi@example.org,0,17,"2020-01-18 17:29:27"
adelmofermi@example.org,0,33,"2020-05-15 14:53:06"
adelmofermi@example.org,0,23,"2020-12-03 20:10:32"
adelmofermi@example.org,0,23,"2021-10-01 00:13:24"
adelmofermi@example.org,0,34,"2021-12-26 02:44:24"
adelmofermi@example.org,0,39,"2022-01-31 17:58:09"
adelmofermi@example.org,0,47,"2022-09-21 13:16:35"
adelmofilogamo@example.org,0,3,"2016-11-19 11:57:32"
adelmofilogamo@example.org,0,37,"2016-11-20 06:08:19"
adelmofilogamo@example.org,0,35,"2017-02-20 21:05:25"
adelmofilogamo@example.org,0,49,"2018-08-31 22:39:01"
adelmofilogamo@example.org,0,25,"2019-04-11 03:13:32"
adelmofilogamo@example.org,0,35,"2019-07-05 05:10:54"
adelmofilogamo@example.org,0,44,"2020-11-25 07:09:41"
adelmofilogamo@example.org,0,34,"2021-09-22 00:42:55"
adelmofilogamo@example.org,0,12,"2022-04-24 18:19:30"
adelmofilogamo@example.org,0,27,"2022-08-04 06:47:21"
adelmofilogamo@example.org,0,29,"2022-10-23 05:38:42"
adietz@example.org,0,47,"2016-05-04 14:09:02"
adietz@example.org,0,31,"2016-06-30 23:55:10"
adietz@example.org,0,46,"2016-09-21 10:39:43"
adietz@example.org,0,30,"2017-08-03 19:23:35"
adietz@example.org,0,35,"2019-07-29 17:36:13"
adietz@example.org,0,15,"2019-10-10 18:47:18"
adietz@example.org,0,45,"2020-05-19 17:32:30"
adietz@example.org,0,46,"2020-11-16 10:40:58"
adietz@example.org,0,43,"2021-03-29 13:09:13"
adietz@example.org,0,47,"2022-03-06 19:39:27"
adietz@example.org,0,47,"2022-06-15 13:43:40"
adolf55@example.com,0,30,"2022-01-05 02:22:07"
adolf55@example.com,0,49,"2022-05-20 15:33:50"
adolf55@example.com,0,44,"2022-06-23 00:53:56"
adolf55@example.com,0,9,"2022-07-02 23:33:19"
adolf55@example.com,0,31,"2022-07-11 05:03:15"
adolf55@example.com,0,26,"2022-07-21 15:18:24"
adolf55@example.com,0,10,"2022-08-23 13:59:11"
adolf55@example.com,0,25,"2022-10-17 05:54:39"
adolf55@example.com,0,40,"2022-11-07 20:34:03"
adolf55@example.com,0,18,"2022-12-20 12:48:16"
adolf55@example.com,0,33,"2022-12-25 15:29:56"
adolphkay-uwe@example.org,0,31,"2021-11-29 06:02:29"
adolphkay-uwe@example.org,0,47,"2021-12-23 06:57:42"
adolphkay-uwe@example.org,0,17,"2021-12-31 16:42:25"
adolphkay-uwe@example.org,0,19,"2022-01-26 00:02:08"
adolphkay-uwe@example.org,0,48,"2022-03-23 15:32:17"
adolphkay-uwe@example.org,0,16,"2022-04-20 03:32:41"
adolphkay-uwe@example.org,0,24,"2022-05-13 21:51:32"
adolphkay-uwe@example.org,0,37,"2022-06-07 05:44:49"
adolphkay-uwe@example.org,0,27,"2022-08-04 21:12:52"
adolphkay-uwe@example.org,0,32,"2022-10-11 04:01:34"
adolphkay-uwe@example.org,0,39,"2022-10-13 12:47:03"
adolphkay-uwe@example.org,0,5,"2022-11-05 02:35:04"
adolphkay-uwe@example.org,0,24,"2022-12-15 16:52:04"
adowerg@example.org,0,33,"2018-03-06 06:49:04"
adowerg@example.org,0,37,"2018-12-05 00:50:22"
adowerg@example.org,0,37,"2019-03-07 22:45:59"
adowerg@example.org,0,28,"2019-04-07 02:08:42"
adowerg@example.org,0,9,"2019-07-04 15:29:40"
adowerg@example.org,0,22,"2019-09-02 02:49:38"
adowerg@example.org,0,32,"2019-12-11 14:33:01"
adowerg@example.org,0,38,"2021-02-11 04:07:24"
adowerg@example.org,0,29,"2022-04-17 23:30:03"
adowerg@example.org,0,39,"2022-06-15 04:01:20"
adrian_1978@example.org,0,49,"2014-04-05 13:56:54"
adrian_1978@example.org,0,40,"2014-08-15 16:23:04"
adrian_1978@example.org,0,43,"2014-12-14 13:10:35"
adrian_1978@example.org,0,9,"2015-06-30 08:46:03"
adrian_1978@example.org,0,49,"2016-04-07 08:10:43"
adrian_1978@example.org,0,31,"2017-03-14 03:27:49"
adrian_1978@example.org,0,44,"2017-10-02 10:42:53"
adrian_1978@example.org,0,41,"2018-08-02 03:36:09"
adrian_1978@example.org,0,37,"2020-04-17 09:20:43"
adrian_1978@example.org,0,26,"2020-05-01 05:34:25"
adrian_1978@example.org,0,33,"2020-05-18 19:44:32"
adrian_1978@example.org,0,36,"2020-11-01 00:55:18"
adrian_1978@example.org,0,44,"2021-08-22 15:12:01"
adrian_1978@example.org,0,43,"2022-01-06 08:04:17"
adrianesorgatz@example.net,0,48,"2020-10-22 17:03:23"
adrianesorgatz@example.net,0,48,"2021-01-02 21:37:48"
adrianesorgatz@example.net,0,48,"2021-02-12 13:49:04"
adrianesorgatz@example.net,0,38,"2021-06-26 17:43:28"
adrianesorgatz@example.net,0,26,"2021-12-09 23:38:40"
adrianesorgatz@example.net,0,38,"2022-07-02 21:28:03"
adrianesorgatz@example.net,0,26,"2022-11-25 00:07:07"
adrianortega@example.org,0,29,"2021-06-15 15:32:13"
adrianortega@example.org,0,23,"2021-09-26 00:40:24"
adrianramirez@example.com,0,46,"2022-10-03 07:17:45"
adrianramirez@example.com,0,5,"2022-10-09 21:06:38"
adrianramirez@example.com,0,37,"2022-11-08 17:23:28"
adrienmeyer@example.com,0,5,"2022-06-17 06:45:12"
adrienmeyer@example.com,0,38,"2022-06-18 14:39:37"
adrienmeyer@example.com,0,13,"2022-08-11 22:15:20"
adrienmeyer@example.com,0,23,"2022-11-20 20:20:12"
adrienmeyer@example.com,0,21,"2022-11-22 23:32:00"
adrienmeyer@example.com,0,46,"2022-12-18 07:06:58"
adrienne99@example.org,0,44,"2021-11-04 15:18:38"
adrienne99@example.org,0,35,"2021-11-22 02:15:28"
adrienne99@example.org,0,47,"2022-04-10 21:40:07"
adrienne99@example.org,0,39,"2022-06-10 15:07:48"
adrienne99@example.org,0,16,"2022-06-22 15:54:41"
adrienne99@example.org,0,33,"2022-08-17 08:43:20"
adrienne99@example.org,0,39,"2022-09-04 14:47:17"
adrienne99@example.org,0,23,"2022-09-16 02:17:53"
adrienne99@example.org,0,15,"2022-11-17 17:43:25"
adrienne99@example.org,0,27,"2022-11-28 11:13:46"
adrienne99@example.org,0,32,"2022-12-13 17:33:42"
aefremova@example.net,0,18,"2018-09-06 21:01:45"
aefremova@example.net,0,49,"2018-09-08 08:38:37"
aefremova@example.net,0,40,"2018-11-22 12:35:14"
aefremova@example.net,0,17,"2019-06-19 18:44:56"
aefremova@example.net,0,47,"2019-07-18 00:36:50"
aefremova@example.net,0,41,"2020-05-30 02:14:13"
aefremova@example.net,0,41,"2020-09-25 22:51:55"
aefremova@example.net,0,48,"2021-06-24 21:17:07"
aetzold@example.net,0,33,"2020-10-11 07:11:08"
aetzold@example.net,0,44,"2021-08-04 20:34:37"
aetzold@example.net,0,5,"2021-08-07 05:51:24"
aetzold@example.net,0,40,"2022-03-01 09:11:34"
aevans@example.com,0,36,"2020-08-29 23:45:10"
aevans@example.com,0,18,"2021-03-18 23:22:07"
aevans@example.com,0,33,"2021-06-13 19:45:54"
aevans@example.com,0,37,"2021-06-28 03:42:54"
aevans@example.com,0,33,"2021-08-23 13:11:55"
aevans@example.com,0,33,"2022-06-03 21:37:03"
afanasevgeorgi@example.net,0,27,"2021-11-05 06:32:55"
afanasevgeorgi@example.net,0,36,"2021-12-28 08:34:08"
afanasevgeorgi@example.net,0,48,"2022-02-11 17:16:06"
afanasevgeorgi@example.net,0,22,"2022-07-05 00:32:15"
afanasevgeorgi@example.net,0,42,"2022-08-05 06:26:47"
afanasevgeorgi@example.net,0,41,"2022-08-30 19:58:18"
afanasevgeorgi@example.net,0,31,"2022-11-22 10:14:29"
afanasevprohor@example.net,0,49,"2016-07-13 23:01:17"
afanasevprohor@example.net,0,18,"2017-06-17 18:06:42"
afanasevprohor@example.net,0,27,"2017-12-05 20:37:35"
afanasevprohor@example.net,0,27,"2018-02-07 06:24:32"
afanasevprohor@example.net,0,49,"2018-02-12 12:40:39"
afanasevprohor@example.net,0,45,"2018-09-28 15:12:20"
afanasevprohor@example.net,0,47,"2020-10-06 15:01:00"
afanasevprohor@example.net,0,43,"2021-05-06 20:32:10"
afanasevprohor@example.net,0,46,"2022-12-13 01:23:34"
afanasi_1976@example.org,0,36,"2017-12-22 18:03:49"
afanasi_1976@example.org,0,48,"2018-10-08 22:20:26"
afanasi_1976@example.org,0,3,"2018-10-11 00:50:06"
afanasi_1976@example.org,0,12,"2018-12-12 12:36:16"
afanasi_1976@example.org,0,9,"2019-03-07 09:36:43"
afanasi_1976@example.org,0,41,"2019-12-23 18:50:07"
afanasi_1976@example.org,0,39,"2019-12-29 11:31:02"
afanasi_1976@example.org,0,36,"2020-01-26 09:34:45"
afanasi_1976@example.org,0,16,"2020-05-31 11:59:32"
afanasi_1976@example.org,0,43,"2020-06-13 13:00:54"
afanasi_1976@example.org,0,40,"2021-09-04 08:18:46"
afanasi_1976@example.org,0,40,"2022-07-09 10:58:31"
afanasi_1976@example.org,0,35,"2022-07-23 12:28:01"
afanasi_1992@example.net,0,16,"2019-04-15 21:18:24"
afanasi_1992@example.net,0,30,"2019-04-15 23:42:43"
afanasi_1992@example.net,0,36,"2019-04-26 23:36:05"
afanasi_1992@example.net,0,23,"2019-05-26 19:07:13"
afanasi_1992@example.net,0,28,"2019-12-03 09:43:24"
afanasi_1992@example.net,0,49,"2020-07-03 08:51:41"
afanasi_1992@example.net,0,25,"2020-10-14 07:54:01"
afanasi_1992@example.net,0,38,"2021-03-13 05:17:09"
afanasi_1992@example.net,0,38,"2021-05-05 18:21:18"
afanasi_1992@example.net,0,5,"2021-05-13 20:54:39"
afanasi_1992@example.net,0,42,"2021-07-07 20:18:52"
afanasi_1992@example.net,0,25,"2021-11-23 05:52:59"
afanasi_1992@example.net,0,22,"2022-01-31 11:20:09"
afanasi_1992@example.net,0,10,"2022-02-23 13:02:01"
afanasi_1992@example.net,0,13,"2022-06-17 09:58:30"
afanasi_1992@example.net,0,45,"2022-09-10 10:48:06"
afanasi_21@example.org,0,47,"2017-03-13 11:26:59"
afanasi_21@example.org,0,47,"2017-08-01 04:21:27"
afanasi_21@example.org,0,0,"2017-08-12 04:59:33"
afanasi_21@example.org,0,36,"2017-10-28 03:59:59"
afanasi_21@example.org,0,47,"2019-01-12 22:23:40"
afanasi_21@example.org,0,28,"2020-05-10 13:57:56"
afanasi_21@example.org,0,4,"2020-12-12 06:01:55"
afanasi_21@example.org,0,45,"2021-04-02 18:05:54"
afanasi_21@example.org,0,41,"2021-08-09 09:03:26"
afanasi_21@example.org,0,47,"2021-09-17 12:21:06"
afanasi_21@example.org,0,45,"2022-06-18 09:30:32"
afanasi_21@example.org,0,25,"2022-11-29 02:34:01"
afanasi2001@example.com,0,42,"2014-05-27 08:09:01"
afanasi2001@example.com,0,23,"2018-03-14 13:42:25"
afanasi2001@example.com,0,33,"2018-12-10 05:43:00"
afanasi2001@example.com,0,32,"2019-08-01 06:07:53"
afanasi2001@example.com,0,40,"2020-01-03 02:19:37"
afanasi2001@example.com,0,48,"2020-01-04 00:47:18"
afanasi2001@example.com,0,32,"2020-07-23 10:39:24"
afeng@example.org,0,7,"2018-05-02 14:25:26"
afeng@example.org,0,44,"2020-02-22 07:19:06"
afeng@example.org,0,40,"2020-05-31 02:07:05"
afeng@example.org,0,6,"2020-06-30 23:54:05"
afeng@example.org,0,49,"2021-01-18 08:28:06"
afeng@example.org,0,43,"2021-03-26 18:25:05"
afeng@example.org,0,49,"2021-04-15 22:44:47"
afeng@example.org,0,46,"2022-11-08 22:50:23"
afeng@example.org,0,43,"2022-11-11 06:12:14"
afittipaldi@example.org,0,22,"2020-03-28 16:00:43"
afittipaldi@example.org,0,31,"2020-09-12 01:28:32"
afittipaldi@example.org,0,20,"2020-10-17 11:54:52"
afittipaldi@example.org,0,40,"2021-02-26 10:14:52"
afittipaldi@example.org,0,7,"2021-03-27 05:26:10"
afittipaldi@example.org,0,48,"2021-05-14 19:13:44"
afittipaldi@example.org,0,11,"2021-06-06 23:58:06"
afittipaldi@example.org,0,16,"2021-10-17 11:07:01"
afittipaldi@example.org,0,20,"2021-11-06 18:34:57"
afittipaldi@example.org,0,43,"2022-01-16 09:33:40"
afittipaldi@example.org,0,23,"2022-03-11 02:25:44"
afittipaldi@example.org,0,36,"2022-12-14 16:11:31"
africaamaya@example.net,0,46,"2021-08-16 11:34:56"
africaamaya@example.net,0,49,"2021-09-01 09:26:15"
africaamaya@example.net,0,37,"2021-11-05 18:34:18"
africaamaya@example.net,0,31,"2022-01-01 16:25:23"
africaamaya@example.net,0,43,"2022-04-18 03:23:24"
africaamaya@example.net,0,12,"2022-05-27 11:13:43"
africaamaya@example.net,0,35,"2022-06-08 22:41:07"
africaamaya@example.net,0,48,"2022-08-02 13:23:32"
africaamaya@example.net,0,18,"2022-08-04 11:45:16"
africaamaya@example.net,0,40,"2022-08-08 18:02:55"
africaamaya@example.net,0,37,"2022-09-13 07:44:50"
afuente@example.org,0,39,"2022-01-21 06:05:48"
afuente@example.org,0,43,"2022-01-24 20:58:58"
afuente@example.org,0,30,"2022-04-10 18:29:56"
afuente@example.org,0,15,"2022-07-24 17:13:58"
afuente@example.org,0,24,"2022-07-25 02:04:59"
afuente@example.org,0,32,"2022-08-12 21:06:53"
afuente@example.org,0,48,"2022-10-16 12:33:30"
afuente@example.org,0,45,"2022-10-17 03:16:16"
afuente@example.org,0,39,"2022-11-26 18:48:11"
afuente@example.org,0,48,"2022-12-22 13:35:33"
afuente@example.org,0,31,"2022-12-27 00:42:13"
afujii@example.org,0,29,"2021-04-28 19:02:22"
afujii@example.org,0,47,"2021-06-23 19:16:32"
afujii@example.org,0,32,"2021-07-04 01:44:18"
afujii@example.org,0,10,"2021-08-04 00:22:58"
afujii@example.org,0,7,"2022-01-01 23:17:52"
afujii@example.org,0,24,"2022-06-28 11:44:31"
afujii@example.org,0,48,"2022-12-21 23:08:30"
agafja_98@example.net,0,35,"2016-02-01 05:26:39"
agafja_98@example.net,0,42,"2017-03-17 18:19:20"
agafja_98@example.net,0,46,"2017-05-08 18:16:57"
agafja_98@example.net,0,19,"2018-02-04 02:37:34"
agafja_98@example.net,0,49,"2018-03-21 18:55:02"
agafja_98@example.net,0,25,"2018-09-24 14:58:14"
agafja_98@example.net,0,37,"2020-11-20 13:46:42"
agafon_1992@example.net,0,30,"2022-10-06 06:11:57"
agafon_1992@example.net,0,49,"2022-10-06 15:08:27"
agafon_1992@example.net,0,18,"2022-10-07 11:16:51"
agafon_1992@example.net,0,34,"2022-10-10 06:55:07"
agafon_1992@example.net,0,45,"2022-10-10 17:05:11"
agafon_1992@example.net,0,20,"2022-10-20 06:50:38"
agafon_1992@example.net,0,28,"2022-10-21 19:03:36"
agafon_1992@example.net,0,34,"2022-10-24 20:18:45"
agafon_1992@example.net,0,39,"2022-10-27 04:26:57"
agafon_1992@example.net,0,15,"2022-10-29 04:19:21"
agafon_1992@example.net,0,24,"2022-11-14 03:27:46"
agafon_1992@example.net,0,36,"2022-11-18 12:19:34"
agafon_1992@example.net,0,41,"2022-11-18 14:37:01"
agafon_1992@example.net,0,36,"2022-12-01 20:52:35"
agafon_1992@example.net,0,38,"2022-12-07 12:36:57"
agafon_1992@example.net,0,43,"2022-12-08 17:30:10"
agafon_1992@example.net,0,17,"2022-12-09 14:34:01"
agafon_1992@example.net,0,25,"2022-12-19 04:02:06"
agafon_1992@example.net,0,37,"2022-12-19 23:09:17"
agafon60@example.com,0,13,"2022-10-27 11:35:49"
agafon60@example.com,0,17,"2022-10-28 01:38:45"
agafon60@example.com,0,13,"2022-10-30 05:48:20"
agafon60@example.com,0,37,"2022-10-31 13:37:55"
agafon60@example.com,0,37,"2022-11-01 21:19:54"
agafon60@example.com,0,35,"2022-11-06 14:16:15"
agafon60@example.com,0,40,"2022-11-12 13:37:09"
agafon60@example.com,0,29,"2022-11-13 14:51:52"
agafon60@example.com,0,11,"2022-11-23 15:08:54"
agafon60@example.com,0,19,"2022-11-26 03:19:37"
agafon60@example.com,0,20,"2022-12-03 01:23:11"
agafon60@example.com,0,39,"2022-12-09 12:41:09"
agafon60@example.com,0,27,"2022-12-15 15:29:40"
agafon60@example.com,0,34,"2022-12-19 06:49:31"
agafon64@example.com,0,39,"2022-11-28 13:02:20"
agafon64@example.com,0,40,"2022-11-29 20:01:55"
agafon64@example.com,0,10,"2022-12-08 00:36:15"
agafon64@example.com,0,36,"2022-12-09 21:04:26"
agafon64@example.com,0,22,"2022-12-16 22:44:42"
agafon64@example.com,0,20,"2022-12-17 09:38:13"
agafon64@example.com,0,46,"2022-12-19 00:02:46"
agafon64@example.com,0,31,"2022-12-26 00:42:05"
agafon64@example.com,0,4,"2022-12-26 11:16:46"
agafon64@example.com,0,39,"2022-12-26 22:21:56"
agafonovavarvara@example.net,0,32,"2015-02-28 22:47:17"
agafonovavarvara@example.net,0,18,"2015-04-28 15:11:16"
agafonovavarvara@example.net,0,31,"2016-06-02 05:06:10"
agafonovavarvara@example.net,0,44,"2016-09-28 02:56:17"
agafonovavarvara@example.net,0,39,"2017-10-16 11:55:14"
agafonovavarvara@example.net,0,32,"2019-05-01 04:15:42"
agafonovavarvara@example.net,0,42,"2020-08-08 07:01:46"
agafonovavarvara@example.net,0,44,"2022-05-24 11:50:05"
agafonovavarvara@example.net,0,25,"2022-06-14 03:43:00"
agafonovavarvara@example.net,0,46,"2022-09-07 14:27:18"
agafonovserge@example.org,0,47,"2020-10-10 02:19:45"
agafonovserge@example.org,0,48,"2020-10-28 18:26:07"
agafonovserge@example.org,0,40,"2020-12-10 18:48:28"
agafonovserge@example.org,0,40,"2021-03-16 09:17:25"
agafonovserge@example.org,0,14,"2021-07-02 00:59:06"
agafonovserge@example.org,0,47,"2021-10-29 20:57:13"
agafonovserge@example.org,0,38,"2021-11-23 05:09:11"
agafonovserge@example.org,0,19,"2022-05-07 06:43:11"
agafonovserge@example.org,0,44,"2022-06-30 16:20:41"
agafonovserge@example.org,0,44,"2022-09-24 12:17:12"
agafonovserge@example.org,0,32,"2022-10-02 13:00:40"
agafonovserge@example.org,0,44,"2022-10-24 09:48:44"
agafonovvalentin@example.net,0,32,"2021-04-16 13:21:23"
agafonovvalentin@example.net,0,38,"2021-10-28 19:08:49"
agafonovvalentin@example.net,0,34,"2022-01-11 22:56:35"
agafonovvalentin@example.net,0,19,"2022-01-29 17:16:50"
agafonovvalentin@example.net,0,36,"2022-08-26 07:29:18"
agafonovvalentin@example.net,0,33,"2022-11-04 21:25:09"
agafonovvalentin@example.net,0,18,"2022-12-04 21:52:02"
agapitosabater@example.net,0,37,"2022-02-27 03:29:54"
agapitosabater@example.net,0,13,"2022-04-06 09:51:44"
agapitosabater@example.net,0,4,"2022-05-24 03:38:21"
agapitosabater@example.net,0,42,"2022-06-06 01:40:22"
agapitosabater@example.net,0,39,"2022-06-10 02:56:57"
agapitosabater@example.net,0,30,"2022-08-02 09:53:46"
agapitosabater@example.net,0,19,"2022-09-10 12:28:24"
agapitosabater@example.net,0,36,"2022-10-06 18:54:18"
agapitosabater@example.net,0,49,"2022-12-14 09:08:26"
agarcia@example.com,0,42,"2016-11-21 19:18:06"
agarcia@example.com,0,31,"2017-03-17 14:13:53"
agarcia@example.com,0,48,"2017-06-01 10:46:05"
agarcia@example.com,0,48,"2017-08-02 02:19:03"
agarcia@example.com,0,47,"2017-09-12 07:32:26"
agarcia@example.com,0,44,"2017-10-09 01:15:35"
agarcia@example.com,0,48,"2018-01-26 01:27:55"
agarcia@example.com,0,21,"2019-07-14 17:02:55"
agarcia@example.com,0,5,"2020-02-04 04:35:09"
agarcia@example.com,0,28,"2022-10-26 12:55:05"
agarcia@example.com,0,45,"2022-12-16 12:40:09"
agatha08@example.net,0,47,"2018-09-15 22:28:32"
agatha08@example.net,0,32,"2019-02-19 17:43:40"
agatha08@example.net,0,13,"2019-06-12 17:29:33"
agatha08@example.net,0,33,"2022-01-25 03:22:13"
agathada-conceicao@example.net,0,38,"2021-12-22 14:42:24"
agathada-conceicao@example.net,0,28,"2022-08-01 01:01:21"
agathada-conceicao@example.net,0,25,"2022-10-27 00:45:42"
agathasilveira@example.net,0,49,"2021-07-18 09:30:55"
agathasilveira@example.net,0,40,"2021-10-23 16:02:41"
agathasilveira@example.net,0,23,"2022-01-04 19:29:03"
agathasilveira@example.net,0,35,"2022-03-20 22:16:24"
agathasilveira@example.net,0,42,"2022-07-06 16:54:21"
agathasilveira@example.net,0,36,"2022-09-06 04:12:27"
agathasilveira@example.net,0,45,"2022-09-20 16:36:50"
agathasilveira@example.net,0,18,"2022-10-08 01:11:27"
agathe14@example.com,0,42,"2022-03-02 02:33:04"
agathe14@example.com,0,28,"2022-03-18 22:39:24"
agathe14@example.com,0,45,"2022-03-23 21:35:40"
agathe14@example.com,0,35,"2022-04-19 13:21:40"
agathe14@example.com,0,26,"2022-04-23 10:22:56"
agathe14@example.com,0,29,"2022-05-07 07:04:18"
agathe14@example.com,0,37,"2022-06-14 15:31:33"
agathe14@example.com,0,49,"2022-06-30 05:15:05"
agathe14@example.com,0,36,"2022-08-16 14:51:59"
agathe14@example.com,0,45,"2022-09-16 23:18:57"
agathe14@example.com,0,30,"2022-11-18 17:05:28"
agathe14@example.com,0,42,"2022-11-28 19:25:33"
agathe14@example.com,0,33,"2022-12-06 11:26:32"
agathe53@example.com,0,2,"2014-04-11 15:51:55"
agathe53@example.com,0,22,"2014-07-17 05:54:56"
agathe53@example.com,0,37,"2015-01-28 13:01:42"
agathe53@example.com,0,31,"2015-09-11 10:05:29"
agathe53@example.com,0,36,"2016-01-16 14:49:50"
agathe53@example.com,0,47,"2016-09-30 12:36:28"
agathe53@example.com,0,35,"2016-12-17 10:01:49"
agathe53@example.com,0,46,"2019-02-01 01:33:08"
agathe53@example.com,0,27,"2019-04-22 06:13:08"
agathe53@example.com,0,37,"2020-12-11 00:00:44"
agathecohen@example.org,0,36,"2021-10-04 05:25:31"
agathecohen@example.org,0,25,"2021-11-03 00:47:46"
agathecohen@example.org,0,38,"2021-11-14 03:09:31"
agathecohen@example.org,0,49,"2022-08-19 21:02:43"
agathecohen@example.org,0,23,"2022-10-15 00:05:59"
agathelanglois@example.com,0,31,"2022-05-17 01:49:04"
agathelanglois@example.com,0,39,"2022-06-26 10:04:35"
agathelanglois@example.com,0,1,"2022-07-31 05:02:44"
agathelanglois@example.com,0,49,"2022-08-11 00:53:46"
agathelanglois@example.com,0,21,"2022-09-29 12:39:07"
agathelanglois@example.com,0,31,"2022-10-20 07:43:02"
agathelanglois@example.com,0,49,"2022-10-22 16:31:26"
agaudin@example.net,0,33,"2021-04-18 15:03:10"
agaudin@example.net,0,38,"2021-05-17 22:03:29"
agaudin@example.net,0,36,"2021-06-11 12:30:37"
agaudin@example.net,0,32,"2021-06-14 16:24:26"
agaudin@example.net,0,20,"2021-08-18 00:43:35"
agaudin@example.net,0,49,"2021-11-27 18:01:31"
agaudin@example.net,0,49,"2022-08-15 13:32:21"
agim@example.com,0,47,"2014-01-02 13:07:20"
agim@example.com,0,25,"2014-11-21 09:49:07"
agim@example.com,0,37,"2015-03-12 18:45:12"
agim@example.com,0,23,"2016-08-28 08:48:55"
agim@example.com,0,33,"2016-08-29 10:57:53"
agim@example.com,0,42,"2017-07-27 21:11:13"
agim@example.com,0,28,"2020-01-09 11:12:49"
agim@example.com,0,22,"2022-01-04 07:41:21"
agim@example.com,0,22,"2022-10-17 14:49:33"
agim@example.net,0,16,"2019-10-31 15:58:21"
agim@example.net,0,9,"2020-08-12 19:39:51"
agim@example.net,0,47,"2021-03-05 12:25:56"
agim@example.net,0,43,"2021-03-20 07:52:51"
agim@example.net,0,33,"2022-04-23 19:32:16"
agnes77@example.com,0,40,"2019-12-21 13:40:17"
agnes77@example.com,0,40,"2020-01-05 23:46:11"
agnes77@example.com,0,28,"2020-06-28 11:59:16"
agnes77@example.com,0,32,"2020-12-26 02:34:32"
agnes77@example.com,0,19,"2021-06-06 21:06:10"
agnes77@example.com,0,20,"2021-07-24 15:59:58"
agnes77@example.com,0,20,"2021-12-18 23:08:42"
agnes77@example.com,0,46,"2022-02-10 22:35:39"
agnes77@example.com,0,46,"2022-03-16 05:54:05"
agnes77@example.com,0,13,"2022-08-21 00:36:07"
agnes77@example.com,0,37,"2022-10-27 08:10:26"
agnes77@example.com,0,26,"2022-12-25 06:05:28"
agnesbeer@example.com,0,17,"2013-12-16 16:51:20"
agnesbeer@example.com,0,34,"2015-04-21 17:34:57"
agnesbeer@example.com,0,39,"2016-07-09 14:28:35"
agnesbeer@example.com,0,24,"2018-03-25 14:13:22"
agnesbeer@example.com,0,37,"2018-08-16 03:16:43"
agnesbeer@example.com,0,15,"2019-05-16 12:11:17"
agnesbeer@example.com,0,39,"2021-05-06 21:33:53"
agnesbeer@example.com,0,41,"2021-05-26 04:07:59"
agnesbeer@example.com,0,17,"2022-12-23 11:15:01"
agnolo75@example.net,0,44,"2021-01-02 07:22:54"
agnolo75@example.net,0,7,"2021-01-08 20:58:55"
agnolo75@example.net,0,21,"2022-04-15 09:27:06"
agnolo75@example.net,0,43,"2022-05-07 08:43:57"
agnolo75@example.net,0,30,"2022-10-17 16:20:40"
agong@example.org,0,34,"2021-04-23 20:01:58"
agong@example.org,0,35,"2021-05-08 04:53:08"
agong@example.org,0,4,"2021-09-17 21:20:35"
agong@example.org,0,49,"2021-10-14 01:28:11"
agong@example.org,0,48,"2021-11-10 05:07:51"
agong@example.org,0,44,"2022-03-09 00:51:24"
agong@example.org,0,24,"2022-12-27 08:03:40"
agraf@example.org,0,35,"2011-01-12 01:57:52"
agraf@example.org,0,10,"2012-04-26 00:27:50"
agraf@example.org,0,44,"2013-10-26 13:18:44"
agraf@example.org,0,17,"2014-04-30 23:13:20"
agraf@example.org,0,43,"2014-07-19 11:11:59"
agraf@example.org,0,45,"2015-09-16 23:43:44"
agraf@example.org,0,23,"2016-03-20 01:17:49"
agraf@example.org,0,31,"2016-04-28 07:34:04"
agraf@example.org,0,46,"2017-04-27 23:01:44"
agraf@example.org,0,41,"2017-12-28 00:12:28"
agraf@example.org,0,25,"2019-07-04 03:06:25"
agraf@example.org,0,40,"2022-04-16 19:45:38"
agraf@example.org,0,37,"2022-10-18 18:50:12"
